"lakecode","lakename","lakeorriver","season","iceon_year","iceon_month","iceon_day","iceoff_year","iceoff_month","iceoff_day","duration","latitude","longitude","country","froze","comments","rule_year"
"ARAI1","LAKE SUWA","L","1443-44",1443,12,8,-999,-999,-999,-999,36.15,138.08,"JAPAN","Y","calendar correction for ice_on: -30 days of original data; applied on 1 February 2012",1443
"ARAI1","LAKE SUWA","L","1444-45",1444,11,23,-999,-999,-999,-999,36.15,138.08,"JAPAN","Y","calendar correction for ice_on: -30 days of original data; applied on 1 February 2012",1444
"ARAI1","LAKE SUWA","L","1445-46",1445,12,1,-999,-999,-999,-999,36.15,138.08,"JAPAN","Y","calendar correction for ice_on: -30 days of original data; applied on 1 February 2012",1445
"ARAI1","LAKE SUWA","L","1446-47",1446,12,2,-999,-999,-999,-999,36.15,138.08,"JAPAN","Y","calendar correction for ice_on: -30 days of original data; applied on 1 February 2012",1446
"ARAI1","LAKE SUWA","L","1447-48",1447,11,30,-999,-999,-999,-999,36.15,138.08,"JAPAN","Y","calendar correction for ice_on: -30 days of original data; applied on 1 February 2012",1447
"ARAI1","LAKE SUWA","L","1448-49",1448,12,8,-999,-999,-999,-999,36.15,138.08,"JAPAN","Y","calendar correction for ice_on: -30 days of original data; applied on 1 February 2012",1448
"ARAI1","LAKE SUWA","L","1449-50",1449,12,13,-999,-999,-999,-999,36.15,138.08,"JAPAN","Y","calendar correction for ice_on: -30 days of original data; applied on 1 February 2012",1449
"ARAI1","LAKE SUWA","L","1450-51",1450,12,8,-999,-999,-999,-999,36.15,138.08,"JAPAN","Y","calendar correction for ice_on: -30 days of original data; applied on 1 February 2012",1450
"ARAI1","LAKE SUWA","L","1451-52",1451,12,23,-999,-999,-999,-999,36.15,138.08,"JAPAN","Y","calendar correction for ice_on: -30 days of original data; applied on 1 February 2012",1451
"ARAI1","LAKE SUWA","L","1452-53",1452,11,28,-999,-999,-999,-999,36.15,138.08,"JAPAN","Y","calendar correction for ice_on: -30 days of original data; applied on 1 February 2012",1452
"ARAI1","LAKE SUWA","L","1453-54",1453,12,3,-999,-999,-999,-999,36.15,138.08,"JAPAN","Y","calendar correction for ice_on: -30 days of original data; applied on 1 February 2012",1453
"ARAI1","LAKE SUWA","L","1454-55",1454,12,5,-999,-999,-999,-999,36.15,138.08,"JAPAN","Y","calendar correction for ice_on: -30 days of original data; applied on 1 February 2012",1454
"ARAI1","LAKE SUWA","L","1455-56",1455,12,1,-999,-999,-999,-999,36.15,138.08,"JAPAN","Y","calendar correction for ice_on: -30 days of original data; applied on 1 February 2012",1455
"ARAI1","LAKE SUWA","L","1456-57",1456,12,5,-999,-999,-999,-999,36.15,138.08,"JAPAN","Y","calendar correction for ice_on: -30 days of original data; applied on 1 February 2012",1456
"ARAI1","LAKE SUWA","L","1458-59",1458,12,6,-999,-999,-999,-999,36.15,138.08,"JAPAN","Y","calendar correction for ice_on: -30 days of original data; applied on 1 February 2012",1458
"ARAI1","LAKE SUWA","L","1459-60",1459,11,20,-999,-999,-999,-999,36.15,138.08,"JAPAN","Y","calendar correction for ice_on: -30 days of original data; applied on 1 February 2012",1459
"ARAI1","LAKE SUWA","L","1460-61",1460,12,10,-999,-999,-999,-999,36.15,138.08,"JAPAN","Y","calendar correction for ice_on: -30 days of original data; applied on 1 February 2012",1460
"ARAI1","LAKE SUWA","L","1461-62",1461,12,15,-999,-999,-999,-999,36.15,138.08,"JAPAN","Y","calendar correction for ice_on: -30 days of original data; applied on 1 February 2012",1461
"ARAI1","LAKE SUWA","L","1462-63",1462,11,29,-999,-999,-999,-999,36.15,138.08,"JAPAN","Y","calendar correction for ice_on: -30 days of original data; applied on 1 February 2012",1462
"ARAI1","LAKE SUWA","L","1463-64",1463,12,10,-999,-999,-999,-999,36.15,138.08,"JAPAN","Y","calendar correction for ice_on: -30 days of original data; applied on 1 February 2012",1463
"ARAI1","LAKE SUWA","L","1464-65",1464,12,11,-999,-999,-999,-999,36.15,138.08,"JAPAN","Y","calendar correction for ice_on: -30 days of original data; applied on 1 February 2012",1464
"ARAI1","LAKE SUWA","L","1465-66",1465,11,11,-999,-999,-999,-999,36.15,138.08,"JAPAN","Y","calendar correction for ice_on: -30 days of original data; applied on 1 February 2012",1465
"ARAI1","LAKE SUWA","L","1466-67",1466,12,21,-999,-999,-999,-999,36.15,138.08,"JAPAN","Y","calendar correction for ice_on: -30 days of original data; applied on 1 February 2012",1466
"ARAI1","LAKE SUWA","L","1467-68",1467,12,12,-999,-999,-999,-999,36.15,138.08,"JAPAN","Y","calendar correction for ice_on: -30 days of original data; applied on 1 February 2012",1467
"ARAI1","LAKE SUWA","L","1468-69",1468,12,11,-999,-999,-999,-999,36.15,138.08,"JAPAN","Y","calendar correction for ice_on: -30 days of original data; applied on 1 February 2012",1468
"ARAI1","LAKE SUWA","L","1469-70",1470,1,3,-999,-999,-999,-999,36.15,138.08,"JAPAN","Y","calendar correction for ice_on: -30 days of original data; applied on 1 February 2012",1469
"ARAI1","LAKE SUWA","L","1470-71",1470,11,26,-999,-999,-999,-999,36.15,138.08,"JAPAN","Y","calendar correction for ice_on: -30 days of original data; applied on 1 February 2012",1470
"ARAI1","LAKE SUWA","L","1471-72",1471,11,22,-999,-999,-999,-999,36.15,138.08,"JAPAN","Y","calendar correction for ice_on: -30 days of original data; applied on 1 February 2012",1471
"ARAI1","LAKE SUWA","L","1472-73",1472,11,24,-999,-999,-999,-999,36.15,138.08,"JAPAN","Y","calendar correction for ice_on: -30 days of original data; applied on 1 February 2012",1472
"ARAI1","LAKE SUWA","L","1473-74",1473,12,4,-999,-999,-999,-999,36.15,138.08,"JAPAN","Y","calendar correction for ice_on: -30 days of original data; applied on 1 February 2012",1473
"ARAI1","LAKE SUWA","L","1474-75",1474,12,2,-999,-999,-999,-999,36.15,138.08,"JAPAN","Y","calendar correction for ice_on: -30 days of original data; applied on 1 February 2012",1474
"ARAI1","LAKE SUWA","L","1475-76",1475,12,1,-999,-999,-999,-999,36.15,138.08,"JAPAN","Y","calendar correction for ice_on: -30 days of original data; applied on 1 February 2012",1475
"ARAI1","LAKE SUWA","L","1476-77",1476,12,7,-999,-999,-999,-999,36.15,138.08,"JAPAN","Y","calendar correction for ice_on: -30 days of original data; applied on 1 February 2012",1476
"ARAI1","LAKE SUWA","L","1477-78",1477,12,18,-999,-999,-999,-999,36.15,138.08,"JAPAN","Y","calendar correction for ice_on: -30 days of original data; applied on 1 February 2012",1477
"ARAI1","LAKE SUWA","L","1478-79",1478,12,17,-999,-999,-999,-999,36.15,138.08,"JAPAN","Y","calendar correction for ice_on: -30 days of original data; applied on 1 February 2012",1478
"ARAI1","LAKE SUWA","L","1479-80",1479,12,6,-999,-999,-999,-999,36.15,138.08,"JAPAN","Y","calendar correction for ice_on: -30 days of original data; applied on 1 February 2012",1479
"ARAI1","LAKE SUWA","L","1480-81",1480,12,4,-999,-999,-999,-999,36.15,138.08,"JAPAN","Y","calendar correction for ice_on: -30 days of original data; applied on 1 February 2012",1480
"ARAI1","LAKE SUWA","L","1481-82",1481,12,16,-999,-999,-999,-999,36.15,138.08,"JAPAN","Y","calendar correction for ice_on: -30 days of original data; applied on 1 February 2012",1481
"ARAI1","LAKE SUWA","L","1482-83",1482,12,25,-999,-999,-999,-999,36.15,138.08,"JAPAN","Y","calendar correction for ice_on: -30 days of original data; applied on 1 February 2012",1482
"ARAI1","LAKE SUWA","L","1483-84",1483,12,1,-999,-999,-999,-999,36.15,138.08,"JAPAN","Y","calendar correction for ice_on: -30 days of original data; applied on 1 February 2012",1483
"ARAI1","LAKE SUWA","L","1484-85",1484,12,2,-999,-999,-999,-999,36.15,138.08,"JAPAN","Y","calendar correction for ice_on: -30 days of original data; applied on 1 February 2012",1484
"ARAI1","LAKE SUWA","L","1485-86",1485,12,11,-999,-999,-999,-999,36.15,138.08,"JAPAN","Y","calendar correction for ice_on: -30 days of original data; applied on 1 February 2012",1485
"ARAI1","LAKE SUWA","L","1486-87",1486,12,12,-999,-999,-999,-999,36.15,138.08,"JAPAN","Y","calendar correction for ice_on: -30 days of original data; applied on 1 February 2012",1486
"ARAI1","LAKE SUWA","L","1487-88",1488,1,6,-999,-999,-999,-999,36.15,138.08,"JAPAN","Y","calendar correction for ice_on: -30 days of original data; applied on 1 February 2012",1487
"ARAI1","LAKE SUWA","L","1488-89",1488,12,21,-999,-999,-999,-999,36.15,138.08,"JAPAN","Y","calendar correction for ice_on: -30 days of original data; applied on 1 February 2012",1488
"ARAI1","LAKE SUWA","L","1489-90",1489,11,24,-999,-999,-999,-999,36.15,138.08,"JAPAN","Y","calendar correction for ice_on: -30 days of original data; applied on 1 February 2012",1489
"ARAI1","LAKE SUWA","L","1490-91",1491,1,10,-999,-999,-999,-999,36.15,138.08,"JAPAN","Y","calendar correction for ice_on: -30 days of original data; applied on 1 February 2012",1490
"ARAI1","LAKE SUWA","L","1491-92",1491,12,6,-999,-999,-999,-999,36.15,138.08,"JAPAN","Y","calendar correction for ice_on: -30 days of original data; applied on 1 February 2012",1491
"ARAI1","LAKE SUWA","L","1492-93",1492,12,2,-999,-999,-999,-999,36.15,138.08,"JAPAN","Y","calendar correction for ice_on: -30 days of original data; applied on 1 February 2012",1492
"ARAI1","LAKE SUWA","L","1493-94",1493,12,6,-999,-999,-999,-999,36.15,138.08,"JAPAN","Y","calendar correction for ice_on: -30 days of original data; applied on 1 February 2012",1493
"ARAI1","LAKE SUWA","L","1494-95",1494,12,9,-999,-999,-999,-999,36.15,138.08,"JAPAN","Y","calendar correction for ice_on: -30 days of original data; applied on 1 February 2012",1494
"ARAI1","LAKE SUWA","L","1495-96",1495,12,4,-999,-999,-999,-999,36.15,138.08,"JAPAN","Y","calendar correction for ice_on: -30 days of original data; applied on 1 February 2012",1495
"ARAI1","LAKE SUWA","L","1496-97",1496,12,23,-999,-999,-999,-999,36.15,138.08,"JAPAN","Y","calendar correction for ice_on: -30 days of original data; applied on 1 February 2012",1496
"ARAI1","LAKE SUWA","L","1497-98",1497,11,11,-999,-999,-999,-999,36.15,138.08,"JAPAN","Y","calendar correction for ice_on: -30 days of original data; applied on 1 February 2012",1497
"ARAI1","LAKE SUWA","L","1498-99",1498,12,14,-999,-999,-999,-999,36.15,138.08,"JAPAN","Y","calendar correction for ice_on: -30 days of original data; applied on 1 February 2012",1498
"ARAI1","LAKE SUWA","L","1499-00",1499,11,18,-999,-999,-999,-999,36.15,138.08,"JAPAN","Y","calendar correction for ice_on: -30 days of original data; applied on 1 February 2012",1499
"ARAI1","LAKE SUWA","L","1500-01",1500,11,27,-999,-999,-999,-999,36.15,138.08,"JAPAN","Y","calendar correction for ice_on: -30 days of original data; applied on 1 February 2012",1500
"ARAI1","LAKE SUWA","L","1501-02",1501,12,16,-999,-999,-999,-999,36.15,138.08,"JAPAN","Y","calendar correction for ice_on: -30 days of original data; applied on 1 February 2012",1501
"ARAI1","LAKE SUWA","L","1502-03",1502,12,12,-999,-999,-999,-999,36.15,138.08,"JAPAN","Y","calendar correction for ice_on: -30 days of original data; applied on 1 February 2012",1502
"ARAI1","LAKE SUWA","L","1503-04",1503,11,15,-999,-999,-999,-999,36.15,138.08,"JAPAN","Y","calendar correction for ice_on: -30 days of original data; applied on 1 February 2012",1503
"ARAI1","LAKE SUWA","L","1504-05",1504,12,1,-999,-999,-999,-999,36.15,138.08,"JAPAN","Y","calendar correction for ice_on: -30 days of original data; applied on 1 February 2012",1504
"ARAI1","LAKE SUWA","L","1506-07",1506,11,20,-999,-999,-999,-999,36.15,138.08,"JAPAN","Y","calendar correction for ice_on: -30 days of original data; applied on 1 February 2012",1506
"ARAI1","LAKE SUWA","L","1515-16",1515,12,2,-999,-999,-999,-999,36.15,138.08,"JAPAN","Y","calendar correction for ice_on: -30 days of original data; applied on 1 February 2012",1515
"ARAI1","LAKE SUWA","L","1516-17",1516,12,6,-999,-999,-999,-999,36.15,138.08,"JAPAN","Y","calendar correction for ice_on: -30 days of original data; applied on 1 February 2012",1516
"ARAI1","LAKE SUWA","L","1517-18",1518,1,6,-999,-999,-999,-999,36.15,138.08,"JAPAN","Y","calendar correction for ice_on: -30 days of original data; applied on 1 February 2012",1517
"ARAI1","LAKE SUWA","L","1518-19",1518,11,29,-999,-999,-999,-999,36.15,138.08,"JAPAN","Y","calendar correction for ice_on: -30 days of original data; applied on 1 February 2012",1518
"ARAI1","LAKE SUWA","L","1519-20",1519,12,4,-999,-999,-999,-999,36.15,138.08,"JAPAN","Y","calendar correction for ice_on: -30 days of original data; applied on 1 February 2012",1519
"ARAI1","LAKE SUWA","L","1520-21",1520,12,15,-999,-999,-999,-999,36.15,138.08,"JAPAN","Y","calendar correction for ice_on: -30 days of original data; applied on 1 February 2012",1520
"ARAI1","LAKE SUWA","L","1521-22",1521,12,27,-999,-999,-999,-999,36.15,138.08,"JAPAN","Y","calendar correction for ice_on: -30 days of original data; applied on 1 February 2012",1521
"ARAI1","LAKE SUWA","L","1522-23",1522,12,2,-999,-999,-999,-999,36.15,138.08,"JAPAN","Y","calendar correction for ice_on: -30 days of original data; applied on 1 February 2012",1522
"ARAI1","LAKE SUWA","L","1523-24",1523,12,2,-999,-999,-999,-999,36.15,138.08,"JAPAN","Y","calendar correction for ice_on: -30 days of original data; applied on 1 February 2012",1523
"ARAI1","LAKE SUWA","L","1524-25",1524,12,12,-999,-999,-999,-999,36.15,138.08,"JAPAN","Y","calendar correction for ice_on: -30 days of original data; applied on 1 February 2012",1524
"ARAI1","LAKE SUWA","L","1525-26",1525,11,14,-999,-999,-999,-999,36.15,138.08,"JAPAN","Y","calendar correction for ice_on: -30 days of original data; applied on 1 February 2012",1525
"ARAI1","LAKE SUWA","L","1526-27",1526,12,15,-999,-999,-999,-999,36.15,138.08,"JAPAN","Y","calendar correction for ice_on: -30 days of original data; applied on 1 February 2012",1526
"ARAI1","LAKE SUWA","L","1527-28",1527,12,17,-999,-999,-999,-999,36.15,138.08,"JAPAN","Y","calendar correction for ice_on: -30 days of original data; applied on 1 February 2012",1527
"ARAI1","LAKE SUWA","L","1528-29",1528,11,27,-999,-999,-999,-999,36.15,138.08,"JAPAN","Y","calendar correction for ice_on: -30 days of original data; applied on 1 February 2012",1528
"ARAI1","LAKE SUWA","L","1529-30",1529,12,7,-999,-999,-999,-999,36.15,138.08,"JAPAN","Y","calendar correction for ice_on: -30 days of original data; applied on 1 February 2012",1529
"ARAI1","LAKE SUWA","L","1530-31",1530,12,2,-999,-999,-999,-999,36.15,138.08,"JAPAN","Y","calendar correction for ice_on: -30 days of original data; applied on 1 February 2012",1530
"ARAI1","LAKE SUWA","L","1531-32",1531,12,3,-999,-999,-999,-999,36.15,138.08,"JAPAN","Y","calendar correction for ice_on: -30 days of original data; applied on 1 February 2012",1531
"ARAI1","LAKE SUWA","L","1532-33",1532,12,10,-999,-999,-999,-999,36.15,138.08,"JAPAN","Y","calendar correction for ice_on: -30 days of original data; applied on 1 February 2012",1532
"ARAI1","LAKE SUWA","L","1533-34",1533,11,21,-999,-999,-999,-999,36.15,138.08,"JAPAN","Y","calendar correction for ice_on: -30 days of original data; applied on 1 February 2012",1533
"ARAI1","LAKE SUWA","L","1534-35",1534,12,17,-999,-999,-999,-999,36.15,138.08,"JAPAN","Y","calendar correction for ice_on: -30 days of original data; applied on 1 February 2012",1534
"ARAI1","LAKE SUWA","L","1535-36",1535,11,21,-999,-999,-999,-999,36.15,138.08,"JAPAN","Y","calendar correction for ice_on: -30 days of original data; applied on 1 February 2012",1535
"ARAI1","LAKE SUWA","L","1536-37",1537,1,6,-999,-999,-999,-999,36.15,138.08,"JAPAN","Y","calendar correction for ice_on: -30 days of original data; applied on 1 February 2012",1536
"ARAI1","LAKE SUWA","L","1537-38",1537,12,14,-999,-999,-999,-999,36.15,138.08,"JAPAN","Y","calendar correction for ice_on: -30 days of original data; applied on 1 February 2012",1537
"ARAI1","LAKE SUWA","L","1538-39",1538,11,18,-999,-999,-999,-999,36.15,138.08,"JAPAN","Y","calendar correction for ice_on: -30 days of original data; applied on 1 February 2012",1538
"ARAI1","LAKE SUWA","L","1539-40",1540,1,14,-999,-999,-999,-999,36.15,138.08,"JAPAN","Y","calendar correction for ice_on: -30 days of original data; applied on 1 February 2012",1539
"ARAI1","LAKE SUWA","L","1540-41",1540,11,23,-999,-999,-999,-999,36.15,138.08,"JAPAN","Y","calendar correction for ice_on: -30 days of original data; applied on 1 February 2012",1540
"ARAI1","LAKE SUWA","L","1541-42",1541,12,4,-999,-999,-999,-999,36.15,138.08,"JAPAN","Y","calendar correction for ice_on: -30 days of original data; applied on 1 February 2012",1541
"ARAI1","LAKE SUWA","L","1542-43",1542,12,16,-999,-999,-999,-999,36.15,138.08,"JAPAN","Y","calendar correction for ice_on: -30 days of original data; applied on 1 February 2012",1542
"ARAI1","LAKE SUWA","L","1543-44",1543,12,5,-999,-999,-999,-999,36.15,138.08,"JAPAN","Y","calendar correction for ice_on: -30 days of original data; applied on 1 February 2012",1543
"ARAI1","LAKE SUWA","L","1544-45",1544,12,14,-999,-999,-999,-999,36.15,138.08,"JAPAN","Y","calendar correction for ice_on: -30 days of original data; applied on 1 February 2012",1544
"ARAI1","LAKE SUWA","L","1545-46",1546,1,2,-999,-999,-999,-999,36.15,138.08,"JAPAN","Y","calendar correction for ice_on: -30 days of original data; applied on 1 February 2012",1545
"ARAI1","LAKE SUWA","L","1546-47",-999,-999,-999,-999,-999,-999,0,36.15,138.08,"JAPAN","N"," ",1546
"ARAI1","LAKE SUWA","L","1547-48",1547,12,6,-999,-999,-999,-999,36.15,138.08,"JAPAN","Y","calendar correction for ice_on: -30 days of original data; applied on 1 February 2012",1547
"ARAI1","LAKE SUWA","L","1548-49",1548,12,14,-999,-999,-999,-999,36.15,138.08,"JAPAN","Y","calendar correction for ice_on: -30 days of original data; applied on 1 February 2012",1548
"ARAI1","LAKE SUWA","L","1549-50",1549,12,8,-999,-999,-999,-999,36.15,138.08,"JAPAN","Y","calendar correction for ice_on: -30 days of original data; applied on 1 February 2012",1549
"ARAI1","LAKE SUWA","L","1550-51",1550,12,5,-999,-999,-999,-999,36.15,138.08,"JAPAN","Y","calendar correction for ice_on: -30 days of original data; applied on 1 February 2012",1550
"ARAI1","LAKE SUWA","L","1551-52",1552,1,4,-999,-999,-999,-999,36.15,138.08,"JAPAN","Y","calendar correction for ice_on: -30 days of original data; applied on 1 February 2012",1551
"ARAI1","LAKE SUWA","L","1552-53",1552,11,25,-999,-999,-999,-999,36.15,138.08,"JAPAN","Y","calendar correction for ice_on: -30 days of original data; applied on 1 February 2012",1552
"ARAI1","LAKE SUWA","L","1553-54",-999,-999,-999,-999,-999,-999,-999,36.15,138.08,"JAPAN","Y"," ",1553
"ARAI1","LAKE SUWA","L","1554-55",1554,12,9,-999,-999,-999,-999,36.15,138.08,"JAPAN","Y","calendar correction for ice_on: -30 days of original data; applied on 1 February 2012",1554
"ARAI1","LAKE SUWA","L","1555-56",-999,-999,-999,-999,-999,-999,0,36.15,138.08,"JAPAN","N"," ",1555
"ARAI1","LAKE SUWA","L","1556-57",1556,12,3,-999,-999,-999,-999,36.15,138.08,"JAPAN","Y","calendar correction for ice_on: -30 days of original data; applied on 1 February 2012",1556
"ARAI1","LAKE SUWA","L","1557-58",1557,12,25,-999,-999,-999,-999,36.15,138.08,"JAPAN","Y","calendar correction for ice_on: -30 days of original data; applied on 1 February 2012",1557
"ARAI1","LAKE SUWA","L","1558-59",1558,12,1,-999,-999,-999,-999,36.15,138.08,"JAPAN","Y","calendar correction for ice_on: -30 days of original data; applied on 1 February 2012",1558
"ARAI1","LAKE SUWA","L","1559-60",1559,12,3,-999,-999,-999,-999,36.15,138.08,"JAPAN","Y","calendar correction for ice_on: -30 days of original data; applied on 1 February 2012",1559
"ARAI1","LAKE SUWA","L","1560-61",1561,1,6,-999,-999,-999,-999,36.15,138.08,"JAPAN","Y","calendar correction for ice_on: -30 days of original data; applied on 1 February 2012",1560
"ARAI1","LAKE SUWA","L","1561-62",1561,12,11,-999,-999,-999,-999,36.15,138.08,"JAPAN","Y","calendar correction for ice_on: -30 days of original data; applied on 1 February 2012",1561
"ARAI1","LAKE SUWA","L","1562-63",1562,12,5,-999,-999,-999,-999,36.15,138.08,"JAPAN","Y","calendar correction for ice_on: -30 days of original data; applied on 1 February 2012",1562
"ARAI1","LAKE SUWA","L","1563-64",1563,12,13,-999,-999,-999,-999,36.15,138.08,"JAPAN","Y","calendar correction for ice_on: -30 days of original data; applied on 1 February 2012",1563
"ARAI1","LAKE SUWA","L","1564-65",1564,12,7,-999,-999,-999,-999,36.15,138.08,"JAPAN","Y","calendar correction for ice_on: -30 days of original data; applied on 1 February 2012",1564
"ARAI1","LAKE SUWA","L","1565-66",1565,11,30,-999,-999,-999,-999,36.15,138.08,"JAPAN","Y","calendar correction for ice_on: -30 days of original data; applied on 1 February 2012",1565
"ARAI1","LAKE SUWA","L","1566-67",1566,12,9,-999,-999,-999,-999,36.15,138.08,"JAPAN","Y","calendar correction for ice_on: -30 days of original data; applied on 1 February 2012",1566
"ARAI1","LAKE SUWA","L","1567-68",1567,12,5,-999,-999,-999,-999,36.15,138.08,"JAPAN","Y","calendar correction for ice_on: -30 days of original data; applied on 1 February 2012",1567
"ARAI1","LAKE SUWA","L","1568-69",1568,11,25,-999,-999,-999,-999,36.15,138.08,"JAPAN","Y","calendar correction for ice_on: -30 days of original data; applied on 1 February 2012",1568
"ARAI1","LAKE SUWA","L","1569-70",1569,11,22,-999,-999,-999,-999,36.15,138.08,"JAPAN","Y","calendar correction for ice_on: -30 days of original data; applied on 1 February 2012",1569
"ARAI1","LAKE SUWA","L","1570-71",1570,12,27,-999,-999,-999,-999,36.15,138.08,"JAPAN","Y","calendar correction for ice_on: -30 days of original data; applied on 1 February 2012",1570
"ARAI1","LAKE SUWA","L","1571-72",1571,11,22,-999,-999,-999,-999,36.15,138.08,"JAPAN","Y","calendar correction for ice_on: -30 days of original data; applied on 1 February 2012",1571
"ARAI1","LAKE SUWA","L","1572-73",1572,12,17,-999,-999,-999,-999,36.15,138.08,"JAPAN","Y","calendar correction for ice_on: -30 days of original data; applied on 1 February 2012",1572
"ARAI1","LAKE SUWA","L","1573-74",1573,11,30,-999,-999,-999,-999,36.15,138.08,"JAPAN","Y","calendar correction for ice_on: -30 days of original data; applied on 1 February 2012",1573
"ARAI1","LAKE SUWA","L","1574-75",1575,1,8,-999,-999,-999,-999,36.15,138.08,"JAPAN","Y","calendar correction for ice_on: -30 days of original data; applied on 1 February 2012",1574
"ARAI1","LAKE SUWA","L","1575-76",1575,12,26,-999,-999,-999,-999,36.15,138.08,"JAPAN","Y","calendar correction for ice_on: -30 days of original data; applied on 1 February 2012",1575
"ARAI1","LAKE SUWA","L","1576-77",1576,12,2,-999,-999,-999,-999,36.15,138.08,"JAPAN","Y","calendar correction for ice_on: -30 days of original data; applied on 1 February 2012",1576
"ARAI1","LAKE SUWA","L","1577-78",1577,12,6,-999,-999,-999,-999,36.15,138.08,"JAPAN","Y","calendar correction for ice_on: -30 days of original data; applied on 1 February 2012",1577
"ARAI1","LAKE SUWA","L","1578-79",1578,12,29,-999,-999,-999,-999,36.15,138.08,"JAPAN","Y","calendar correction for ice_on: -30 days of original data; applied on 1 February 2012",1578
"ARAI1","LAKE SUWA","L","1579-80",1579,12,14,-999,-999,-999,-999,36.15,138.08,"JAPAN","Y","calendar correction for ice_on: -30 days of original data; applied on 1 February 2012",1579
"ARAI1","LAKE SUWA","L","1580-81",1580,12,12,-999,-999,-999,-999,36.15,138.08,"JAPAN","Y","calendar correction for ice_on: -30 days of original data; applied on 1 February 2012",1580
"ARAI1","LAKE SUWA","L","1581-82",1581,12,30,-999,-999,-999,-999,36.15,138.08,"JAPAN","Y","calendar correction for ice_on: -30 days of original data; applied on 1 February 2012",1581
"ARAI1","LAKE SUWA","L","1582-83",1582,11,17,-999,-999,-999,-999,36.15,138.08,"JAPAN","Y","calendar correction for ice_on: -30 days of original data; applied on 1 February 2012",1582
"ARAI1","LAKE SUWA","L","1583-84",1583,11,18,-999,-999,-999,-999,36.15,138.08,"JAPAN","Y","calendar correction for ice_on: -30 days of original data; applied on 1 February 2012",1583
"ARAI1","LAKE SUWA","L","1584-85",1584,11,28,-999,-999,-999,-999,36.15,138.08,"JAPAN","Y","calendar correction for ice_on: -30 days of original data; applied on 1 February 2012",1584
"ARAI1","LAKE SUWA","L","1585-86",1585,12,15,-999,-999,-999,-999,36.15,138.08,"JAPAN","Y","calendar correction for ice_on: -30 days of original data; applied on 1 February 2012",1585
"ARAI1","LAKE SUWA","L","1586-87",1586,11,28,-999,-999,-999,-999,36.15,138.08,"JAPAN","Y","calendar correction for ice_on: -30 days of original data; applied on 1 February 2012",1586
"ARAI1","LAKE SUWA","L","1587-88",1587,11,23,-999,-999,-999,-999,36.15,138.08,"JAPAN","Y","calendar correction for ice_on: -30 days of original data; applied on 1 February 2012",1587
"ARAI1","LAKE SUWA","L","1588-89",1588,12,15,-999,-999,-999,-999,36.15,138.08,"JAPAN","Y","calendar correction for ice_on: -30 days of original data; applied on 1 February 2012",1588
"ARAI1","LAKE SUWA","L","1589-90",1589,12,1,-999,-999,-999,-999,36.15,138.08,"JAPAN","Y","calendar correction for ice_on: -30 days of original data; applied on 1 February 2012",1589
"ARAI1","LAKE SUWA","L","1590-91",1590,12,14,-999,-999,-999,-999,36.15,138.08,"JAPAN","Y","calendar correction for ice_on: -30 days of original data; applied on 1 February 2012",1590
"ARAI1","LAKE SUWA","L","1591-92",1591,12,14,-999,-999,-999,-999,36.15,138.08,"JAPAN","Y","calendar correction for ice_on: -30 days of original data; applied on 1 February 2012",1591
"ARAI1","LAKE SUWA","L","1592-93",1592,11,28,-999,-999,-999,-999,36.15,138.08,"JAPAN","Y","calendar correction for ice_on: -30 days of original data; applied on 1 February 2012",1592
"ARAI1","LAKE SUWA","L","1593-94",1594,2,2,-999,-999,-999,-999,36.15,138.08,"JAPAN","Y","calendar correction for ice_on: -30 days of original data; applied on 1 February 2012",1593
"ARAI1","LAKE SUWA","L","1595-96",1595,12,25,-999,-999,-999,-999,36.15,138.08,"JAPAN","Y","calendar correction for ice_on: -30 days of original data; applied on 1 February 2012",1595
"ARAI1","LAKE SUWA","L","1596-97",1596,12,26,-999,-999,-999,-999,36.15,138.08,"JAPAN","Y","calendar correction for ice_on: -30 days of original data; applied on 1 February 2012",1596
"ARAI1","LAKE SUWA","L","1597-98",1597,11,13,-999,-999,-999,-999,36.15,138.08,"JAPAN","Y","calendar correction for ice_on: -30 days of original data; applied on 1 February 2012",1597
"ARAI1","LAKE SUWA","L","1598-99",1598,11,20,-999,-999,-999,-999,36.15,138.08,"JAPAN","Y","calendar correction for ice_on: -30 days of original data; applied on 1 February 2012",1598
"ARAI1","LAKE SUWA","L","1599-00",1599,12,22,-999,-999,-999,-999,36.15,138.08,"JAPAN","Y","calendar correction for ice_on: -30 days of original data; applied on 1 February 2012",1599
"ARAI1","LAKE SUWA","L","1600-01",1600,11,19,-999,-999,-999,-999,36.15,138.08,"JAPAN","Y","calendar correction for ice_on: -30 days of original data; applied on 1 February 2012",1600
"ARAI1","LAKE SUWA","L","1601-02",1601,12,30,-999,-999,-999,-999,36.15,138.08,"JAPAN","Y","calendar correction for ice_on: -30 days of original data; applied on 1 February 2012",1601
"ARAI1","LAKE SUWA","L","1602-03",1602,12,4,-999,-999,-999,-999,36.15,138.08,"JAPAN","Y","calendar correction for ice_on: -30 days of original data; applied on 1 February 2012",1602
"ARAI1","LAKE SUWA","L","1603-04",1603,12,1,-999,-999,-999,-999,36.15,138.08,"JAPAN","Y","calendar correction for ice_on: -30 days of original data; applied on 1 February 2012",1603
"ARAI1","LAKE SUWA","L","1604-05",1604,12,15,-999,-999,-999,-999,36.15,138.08,"JAPAN","Y","calendar correction for ice_on: -30 days of original data; applied on 1 February 2012",1604
"ARAI1","LAKE SUWA","L","1605-06",1605,11,18,-999,-999,-999,-999,36.15,138.08,"JAPAN","Y","calendar correction for ice_on: -30 days of original data; applied on 1 February 2012",1605
"ARAI1","LAKE SUWA","L","1606-07",1606,11,23,-999,-999,-999,-999,36.15,138.08,"JAPAN","Y","calendar correction for ice_on: -30 days of original data; applied on 1 February 2012",1606
"ARAI1","LAKE SUWA","L","1607-08",1607,12,25,-999,-999,-999,-999,36.15,138.08,"JAPAN","Y","calendar correction for ice_on: -30 days of original data; applied on 1 February 2012",1607
"ARAI1","LAKE SUWA","L","1608-09",1608,12,6,-999,-999,-999,-999,36.15,138.08,"JAPAN","Y","calendar correction for ice_on: -30 days of original data; applied on 1 February 2012",1608
"ARAI1","LAKE SUWA","L","1609-10",1609,11,18,-999,-999,-999,-999,36.15,138.08,"JAPAN","Y","calendar correction for ice_on: -30 days of original data; applied on 1 February 2012",1609
"ARAI1","LAKE SUWA","L","1610-11",1610,12,1,-999,-999,-999,-999,36.15,138.08,"JAPAN","Y","calendar correction for ice_on: -30 days of original data; applied on 1 February 2012",1610
"ARAI1","LAKE SUWA","L","1611-12",1611,11,22,-999,-999,-999,-999,36.15,138.08,"JAPAN","Y","calendar correction for ice_on: -30 days of original data; applied on 1 February 2012",1611
"ARAI1","LAKE SUWA","L","1612-13",1612,12,26,-999,-999,-999,-999,36.15,138.08,"JAPAN","Y","calendar correction for ice_on: -30 days of original data; applied on 1 February 2012",1612
"ARAI1","LAKE SUWA","L","1613-14",1613,12,10,-999,-999,-999,-999,36.15,138.08,"JAPAN","Y","calendar correction for ice_on: -30 days of original data; applied on 1 February 2012",1613
"ARAI1","LAKE SUWA","L","1614-15",1614,11,21,-999,-999,-999,-999,36.15,138.08,"JAPAN","Y","calendar correction for ice_on: -30 days of original data; applied on 1 February 2012",1614
"ARAI1","LAKE SUWA","L","1615-16",1615,12,23,-999,-999,-999,-999,36.15,138.08,"JAPAN","Y","calendar correction for ice_on: -30 days of original data; applied on 1 February 2012",1615
"ARAI1","LAKE SUWA","L","1616-17",1616,11,22,-999,-999,-999,-999,36.15,138.08,"JAPAN","Y","calendar correction for ice_on: -30 days of original data; applied on 1 February 2012",1616
"ARAI1","LAKE SUWA","L","1617-18",1617,12,3,-999,-999,-999,-999,36.15,138.08,"JAPAN","Y","calendar correction for ice_on: -30 days of original data; applied on 1 February 2012",1617
"ARAI1","LAKE SUWA","L","1618-19",1618,12,11,-999,-999,-999,-999,36.15,138.08,"JAPAN","Y","calendar correction for ice_on: -30 days of original data; applied on 1 February 2012",1618
"ARAI1","LAKE SUWA","L","1619-20",1619,12,11,-999,-999,-999,-999,36.15,138.08,"JAPAN","Y","calendar correction for ice_on: -30 days of original data; applied on 1 February 2012",1619
"ARAI1","LAKE SUWA","L","1620-21",1620,11,8,-999,-999,-999,-999,36.15,138.08,"JAPAN","Y","calendar correction for ice_on: -30 days of original data; applied on 1 February 2012",1620
"ARAI1","LAKE SUWA","L","1621-22",1621,12,8,-999,-999,-999,-999,36.15,138.08,"JAPAN","Y","calendar correction for ice_on: -30 days of original data; applied on 1 February 2012",1621
"ARAI1","LAKE SUWA","L","1622-23",1622,12,13,-999,-999,-999,-999,36.15,138.08,"JAPAN","Y","calendar correction for ice_on: -30 days of original data; applied on 1 February 2012",1622
"ARAI1","LAKE SUWA","L","1623-24",1623,12,25,-999,-999,-999,-999,36.15,138.08,"JAPAN","Y","calendar correction for ice_on: -30 days of original data; applied on 1 February 2012",1623
"ARAI1","LAKE SUWA","L","1624-25",1624,12,23,-999,-999,-999,-999,36.15,138.08,"JAPAN","Y","calendar correction for ice_on: -30 days of original data; applied on 1 February 2012",1624
"ARAI1","LAKE SUWA","L","1625-26",1625,12,9,-999,-999,-999,-999,36.15,138.08,"JAPAN","Y","calendar correction for ice_on: -30 days of original data; applied on 1 February 2012",1625
"ARAI1","LAKE SUWA","L","1626-27",1626,12,10,-999,-999,-999,-999,36.15,138.08,"JAPAN","Y","calendar correction for ice_on: -30 days of original data; applied on 1 February 2012",1626
"ARAI1","LAKE SUWA","L","1627-28",1627,12,9,-999,-999,-999,-999,36.15,138.08,"JAPAN","Y","calendar correction for ice_on: -30 days of original data; applied on 1 February 2012",1627
"ARAI1","LAKE SUWA","L","1628-29",1628,11,21,-999,-999,-999,-999,36.15,138.08,"JAPAN","Y","calendar correction for ice_on: -30 days of original data; applied on 1 February 2012",1628
"ARAI1","LAKE SUWA","L","1629-30",1629,12,21,-999,-999,-999,-999,36.15,138.08,"JAPAN","Y","calendar correction for ice_on: -30 days of original data; applied on 1 February 2012",1629
"ARAI1","LAKE SUWA","L","1630-31",1630,11,22,-999,-999,-999,-999,36.15,138.08,"JAPAN","Y","calendar correction for ice_on: -30 days of original data; applied on 1 February 2012",1630
"ARAI1","LAKE SUWA","L","1631-32",1631,12,25,-999,-999,-999,-999,36.15,138.08,"JAPAN","Y","calendar correction for ice_on: -30 days of original data; applied on 1 February 2012",1631
"ARAI1","LAKE SUWA","L","1632-33",1632,12,19,-999,-999,-999,-999,36.15,138.08,"JAPAN","Y","calendar correction for ice_on: -30 days of original data; applied on 1 February 2012",1632
"ARAI1","LAKE SUWA","L","1633-34",1633,12,10,-999,-999,-999,-999,36.15,138.08,"JAPAN","Y","calendar correction for ice_on: -30 days of original data; applied on 1 February 2012",1633
"ARAI1","LAKE SUWA","L","1634-35",1634,11,28,-999,-999,-999,-999,36.15,138.08,"JAPAN","Y","calendar correction for ice_on: -30 days of original data; applied on 1 February 2012",1634
"ARAI1","LAKE SUWA","L","1635-36",1635,12,3,-999,-999,-999,-999,36.15,138.08,"JAPAN","Y","calendar correction for ice_on: -30 days of original data; applied on 1 February 2012",1635
"ARAI1","LAKE SUWA","L","1636-37",1636,12,12,-999,-999,-999,-999,36.15,138.08,"JAPAN","Y","calendar correction for ice_on: -30 days of original data; applied on 1 February 2012",1636
"ARAI1","LAKE SUWA","L","1637-38",1637,12,1,-999,-999,-999,-999,36.15,138.08,"JAPAN","Y","calendar correction for ice_on: -30 days of original data; applied on 1 February 2012",1637
"ARAI1","LAKE SUWA","L","1638-39",1638,12,22,-999,-999,-999,-999,36.15,138.08,"JAPAN","Y","calendar correction for ice_on: -30 days of original data; applied on 1 February 2012",1638
"ARAI1","LAKE SUWA","L","1639-40",1639,12,20,-999,-999,-999,-999,36.15,138.08,"JAPAN","Y","calendar correction for ice_on: -30 days of original data; applied on 1 February 2012",1639
"ARAI1","LAKE SUWA","L","1640-41",1640,12,19,-999,-999,-999,-999,36.15,138.08,"JAPAN","Y","calendar correction for ice_on: -30 days of original data; applied on 1 February 2012",1640
"ARAI1","LAKE SUWA","L","1641-42",1641,11,15,-999,-999,-999,-999,36.15,138.08,"JAPAN","Y","calendar correction for ice_on: -30 days of original data; applied on 1 February 2012",1641
"ARAI1","LAKE SUWA","L","1642-43",1642,12,26,-999,-999,-999,-999,36.15,138.08,"JAPAN","Y","calendar correction for ice_on: -30 days of original data; applied on 1 February 2012",1642
"ARAI1","LAKE SUWA","L","1643-44",1643,12,6,-999,-999,-999,-999,36.15,138.08,"JAPAN","Y","calendar correction for ice_on: -30 days of original data; applied on 1 February 2012",1643
"ARAI1","LAKE SUWA","L","1644-45",1644,12,2,-999,-999,-999,-999,36.15,138.08,"JAPAN","Y","calendar correction for ice_on: -30 days of original data; applied on 1 February 2012",1644
"ARAI1","LAKE SUWA","L","1645-46",1645,12,13,-999,-999,-999,-999,36.15,138.08,"JAPAN","Y","calendar correction for ice_on: -30 days of original data; applied on 1 February 2012",1645
"ARAI1","LAKE SUWA","L","1646-47",1647,1,10,-999,-999,-999,-999,36.15,138.08,"JAPAN","Y","calendar correction for ice_on: -30 days of original data; applied on 1 February 2012",1646
"ARAI1","LAKE SUWA","L","1647-48",1647,12,5,-999,-999,-999,-999,36.15,138.08,"JAPAN","Y","calendar correction for ice_on: -30 days of original data; applied on 1 February 2012",1647
"ARAI1","LAKE SUWA","L","1648-49",1648,11,29,-999,-999,-999,-999,36.15,138.08,"JAPAN","Y","calendar correction for ice_on: -30 days of original data; applied on 1 February 2012",1648
"ARAI1","LAKE SUWA","L","1649-50",1649,12,6,-999,-999,-999,-999,36.15,138.08,"JAPAN","Y","calendar correction for ice_on: -30 days of original data; applied on 1 February 2012",1649
"ARAI1","LAKE SUWA","L","1650-51",1650,12,15,-999,-999,-999,-999,36.15,138.08,"JAPAN","Y","calendar correction for ice_on: -30 days of original data; applied on 1 February 2012",1650
"ARAI1","LAKE SUWA","L","1651-52",1651,12,14,-999,-999,-999,-999,36.15,138.08,"JAPAN","Y","calendar correction for ice_on: -30 days of original data; applied on 1 February 2012",1651
"ARAI1","LAKE SUWA","L","1652-53",1652,12,7,-999,-999,-999,-999,36.15,138.08,"JAPAN","Y","calendar correction for ice_on: -30 days of original data; applied on 1 February 2012",1652
"ARAI1","LAKE SUWA","L","1653-54",1653,12,14,-999,-999,-999,-999,36.15,138.08,"JAPAN","Y","calendar correction for ice_on: -30 days of original data; applied on 1 February 2012",1653
"ARAI1","LAKE SUWA","L","1654-55",1654,12,8,-999,-999,-999,-999,36.15,138.08,"JAPAN","Y","calendar correction for ice_on: -30 days of original data; applied on 1 February 2012",1654
"ARAI1","LAKE SUWA","L","1655-56",1655,12,11,-999,-999,-999,-999,36.15,138.08,"JAPAN","Y","calendar correction for ice_on: -30 days of original data; applied on 1 February 2012",1655
"ARAI1","LAKE SUWA","L","1656-57",1656,12,11,-999,-999,-999,-999,36.15,138.08,"JAPAN","Y","calendar correction for ice_on: -30 days of original data; applied on 1 February 2012",1656
"ARAI1","LAKE SUWA","L","1657-58",1657,12,25,-999,-999,-999,-999,36.15,138.08,"JAPAN","Y","calendar correction for ice_on: -30 days of original data; applied on 1 February 2012",1657
"ARAI1","LAKE SUWA","L","1658-59",1658,11,28,-999,-999,-999,-999,36.15,138.08,"JAPAN","Y","calendar correction for ice_on: -30 days of original data; applied on 1 February 2012",1658
"ARAI1","LAKE SUWA","L","1659-60",1659,12,11,-999,-999,-999,-999,36.15,138.08,"JAPAN","Y","calendar correction for ice_on: -30 days of original data; applied on 1 February 2012",1659
"ARAI1","LAKE SUWA","L","1660-61",1660,12,12,-999,-999,-999,-999,36.15,138.08,"JAPAN","Y","calendar correction for ice_on: -30 days of original data; applied on 1 February 2012",1660
"ARAI1","LAKE SUWA","L","1661-62",1661,12,19,-999,-999,-999,-999,36.15,138.08,"JAPAN","Y","calendar correction for ice_on: -30 days of original data; applied on 1 February 2012",1661
"ARAI1","LAKE SUWA","L","1662-63",1662,12,2,-999,-999,-999,-999,36.15,138.08,"JAPAN","Y","calendar correction for ice_on: -30 days of original data; applied on 1 February 2012",1662
"ARAI1","LAKE SUWA","L","1663-64",1663,12,11,-999,-999,-999,-999,36.15,138.08,"JAPAN","Y","calendar correction for ice_on: -30 days of original data; applied on 1 February 2012",1663
"ARAI1","LAKE SUWA","L","1664-65",1664,11,26,-999,-999,-999,-999,36.15,138.08,"JAPAN","Y","calendar correction for ice_on: -30 days of original data; applied on 1 February 2012",1664
"ARAI1","LAKE SUWA","L","1665-66",1665,11,28,-999,-999,-999,-999,36.15,138.08,"JAPAN","Y","calendar correction for ice_on: -30 days of original data; applied on 1 February 2012",1665
"ARAI1","LAKE SUWA","L","1666-67",1666,12,6,-999,-999,-999,-999,36.15,138.08,"JAPAN","Y","calendar correction for ice_on: -30 days of original data; applied on 1 February 2012",1666
"ARAI1","LAKE SUWA","L","1667-68",1667,12,11,-999,-999,-999,-999,36.15,138.08,"JAPAN","Y","calendar correction for ice_on: -30 days of original data; applied on 1 February 2012",1667
"ARAI1","LAKE SUWA","L","1668-69",1668,11,16,-999,-999,-999,-999,36.15,138.08,"JAPAN","Y","calendar correction for ice_on: -30 days of original data; applied on 1 February 2012",1668
"ARAI1","LAKE SUWA","L","1669-70",1669,12,26,-999,-999,-999,-999,36.15,138.08,"JAPAN","Y","calendar correction for ice_on: -30 days of original data; applied on 1 February 2012",1669
"ARAI1","LAKE SUWA","L","1670-71",1670,12,7,-999,-999,-999,-999,36.15,138.08,"JAPAN","Y","calendar correction for ice_on: -30 days of original data; applied on 1 February 2012",1670
"ARAI1","LAKE SUWA","L","1671-72",-999,-999,-999,-999,-999,-999,0,36.15,138.08,"JAPAN","N"," ",1671
"ARAI1","LAKE SUWA","L","1672-73",1672,11,26,-999,-999,-999,-999,36.15,138.08,"JAPAN","Y","calendar correction for ice_on: -30 days of original data; applied on 1 February 2012",1672
"ARAI1","LAKE SUWA","L","1673-74",1673,12,23,-999,-999,-999,-999,36.15,138.08,"JAPAN","Y","calendar correction for ice_on: -30 days of original data; applied on 1 February 2012",1673
"ARAI1","LAKE SUWA","L","1674-75",1674,12,19,-999,-999,-999,-999,36.15,138.08,"JAPAN","Y","calendar correction for ice_on: -30 days of original data; applied on 1 February 2012",1674
"ARAI1","LAKE SUWA","L","1675-76",1675,12,22,-999,-999,-999,-999,36.15,138.08,"JAPAN","Y","calendar correction for ice_on: -30 days of original data; applied on 1 February 2012",1675
"ARAI1","LAKE SUWA","L","1676-77",1676,12,6,-999,-999,-999,-999,36.15,138.08,"JAPAN","Y","calendar correction for ice_on: -30 days of original data; applied on 1 February 2012",1676
"ARAI1","LAKE SUWA","L","1677-78",1678,1,3,-999,-999,-999,-999,36.15,138.08,"JAPAN","Y","calendar correction for ice_on: -30 days of original data; applied on 1 February 2012",1677
"ARAI1","LAKE SUWA","L","1678-79",1678,12,6,-999,-999,-999,-999,36.15,138.08,"JAPAN","Y","calendar correction for ice_on: -30 days of original data; applied on 1 February 2012",1678
"ARAI1","LAKE SUWA","L","1679-80",1679,11,28,-999,-999,-999,-999,36.15,138.08,"JAPAN","Y","calendar correction for ice_on: -30 days of original data; applied on 1 February 2012",1679
"ARAI1","LAKE SUWA","L","1680-81",1680,11,28,-999,-999,-999,-999,36.15,138.08,"JAPAN","Y","calendar correction for ice_on: -30 days of original data; applied on 1 February 2012",1680
"ARAI1","LAKE SUWA","L","1681-82",1681,12,22,-999,-999,-999,-999,36.15,138.08,"JAPAN","Y","calendar correction for ice_on: -30 days of original data; applied on 1 February 2012",1681
"ARAI1","LAKE SUWA","L","1683-84",-999,-999,-999,-999,-999,-999,-999,36.15,138.08,"JAPAN","Y"," ",1683
"ARAI1","LAKE SUWA","L","1684-85",-999,-999,-999,-999,-999,-999,-999,36.15,138.08,"JAPAN","Y"," ",1684
"ARAI1","LAKE SUWA","L","1685-86",-999,-999,-999,-999,-999,-999,-999,36.15,138.08,"JAPAN","Y"," ",1685
"ARAI1","LAKE SUWA","L","1686-87",-999,-999,-999,-999,-999,-999,-999,36.15,138.08,"JAPAN","Y"," ",1686
"ARAI1","LAKE SUWA","L","1687-88",-999,-999,-999,-999,-999,-999,-999,36.15,138.08,"JAPAN","Y"," ",1687
"ARAI1","LAKE SUWA","L","1688-89",-999,-999,-999,-999,-999,-999,-999,36.15,138.08,"JAPAN","Y"," ",1688
"ARAI1","LAKE SUWA","L","1689-90",-999,-999,-999,-999,-999,-999,-999,36.15,138.08,"JAPAN","Y"," ",1689
"ARAI1","LAKE SUWA","L","1690-91",-999,-999,-999,-999,-999,-999,-999,36.15,138.08,"JAPAN","Y"," ",1690
"ARAI1","LAKE SUWA","L","1691-92",-999,-999,-999,-999,-999,-999,-999,36.15,138.08,"JAPAN","Y"," ",1691
"ARAI1","LAKE SUWA","L","1692-93",-999,-999,-999,-999,-999,-999,-999,36.15,138.08,"JAPAN","Y"," ",1692
"ARAI1","LAKE SUWA","L","1693-94",-999,-999,-999,-999,-999,-999,-999,36.15,138.08,"JAPAN","Y"," ",1693
"ARAI1","LAKE SUWA","L","1694-95",-999,-999,-999,-999,-999,-999,-999,36.15,138.08,"JAPAN","Y"," ",1694
"ARAI1","LAKE SUWA","L","1695-96",-999,-999,-999,-999,-999,-999,-999,36.15,138.08,"JAPAN","Y"," ",1695
"ARAI1","LAKE SUWA","L","1696-97",1696,11,29,-999,-999,-999,-999,36.15,138.08,"JAPAN","Y","calendar correction for ice_on: -30 days of original data; applied on 1 February 2012",1696
"ARAI1","LAKE SUWA","L","1697-98",-999,-999,-999,-999,-999,-999,-999,36.15,138.08,"JAPAN","Y"," ",1697
"ARAI1","LAKE SUWA","L","1698-99",-999,-999,-999,-999,-999,-999,-999,36.15,138.08,"JAPAN","Y"," ",1698
"ARAI1","LAKE SUWA","L","1699-00",-999,-999,-999,-999,-999,-999,-999,36.15,138.08,"JAPAN","Y"," ",1699
"ARAI1","LAKE SUWA","L","1700-01",-999,-999,-999,-999,-999,-999,-999,36.15,138.08,"JAPAN","Y"," ",1700
"ARAI1","LAKE SUWA","L","1701-02",-999,-999,-999,-999,-999,-999,-999,36.15,138.08,"JAPAN","Y"," ",1701
"ARAI1","LAKE SUWA","L","1702-03",-999,-999,-999,-999,-999,-999,0,36.15,138.08,"JAPAN","N"," ",1702
"ARAI1","LAKE SUWA","L","1703-04",-999,-999,-999,-999,-999,-999,-999,36.15,138.08,"JAPAN","Y"," ",1703
"ARAI1","LAKE SUWA","L","1704-05",-999,-999,-999,-999,-999,-999,-999,36.15,138.08,"JAPAN","Y"," ",1704
"ARAI1","LAKE SUWA","L","1705-06",-999,-999,-999,-999,-999,-999,-999,36.15,138.08,"JAPAN","Y"," ",1705
"ARAI1","LAKE SUWA","L","1706-07",-999,-999,-999,-999,-999,-999,-999,36.15,138.08,"JAPAN","Y"," ",1706
"ARAI1","LAKE SUWA","L","1707-08",-999,-999,-999,-999,-999,-999,-999,36.15,138.08,"JAPAN","Y"," ",1707
"ARAI1","LAKE SUWA","L","1708-09",-999,-999,-999,-999,-999,-999,-999,36.15,138.08,"JAPAN","Y"," ",1708
"ARAI1","LAKE SUWA","L","1709-10",-999,-999,-999,-999,-999,-999,-999,36.15,138.08,"JAPAN","Y"," ",1709
"ARAI1","LAKE SUWA","L","1710-11",-999,-999,-999,-999,-999,-999,-999,36.15,138.08,"JAPAN","Y"," ",1710
"ARAI1","LAKE SUWA","L","1711-12",-999,-999,-999,-999,-999,-999,-999,36.15,138.08,"JAPAN","Y"," ",1711
"ARAI1","LAKE SUWA","L","1712-13",-999,-999,-999,-999,-999,-999,-999,36.15,138.08,"JAPAN","Y"," ",1712
"ARAI1","LAKE SUWA","L","1713-14",-999,-999,-999,-999,-999,-999,-999,36.15,138.08,"JAPAN","Y"," ",1713
"ARAI1","LAKE SUWA","L","1714-15",-999,-999,-999,-999,-999,-999,-999,36.15,138.08,"JAPAN","Y"," ",1714
"ARAI1","LAKE SUWA","L","1715-16",-999,-999,-999,-999,-999,-999,-999,36.15,138.08,"JAPAN","Y"," ",1715
"ARAI1","LAKE SUWA","L","1716-17",-999,-999,-999,-999,-999,-999,-999,36.15,138.08,"JAPAN","Y"," ",1716
"ARAI1","LAKE SUWA","L","1717-18",-999,-999,-999,-999,-999,-999,-999,36.15,138.08,"JAPAN","Y"," ",1717
"ARAI1","LAKE SUWA","L","1718-19",-999,-999,-999,-999,-999,-999,-999,36.15,138.08,"JAPAN","Y"," ",1718
"ARAI1","LAKE SUWA","L","1719-20",-999,-999,-999,-999,-999,-999,-999,36.15,138.08,"JAPAN","Y"," ",1719
"ARAI1","LAKE SUWA","L","1720-21",-999,-999,-999,-999,-999,-999,-999,36.15,138.08,"JAPAN","Y"," ",1720
"ARAI1","LAKE SUWA","L","1721-22",-999,-999,-999,-999,-999,-999,-999,36.15,138.08,"JAPAN","Y"," ",1721
"ARAI1","LAKE SUWA","L","1722-23",-999,-999,-999,-999,-999,-999,-999,36.15,138.08,"JAPAN","Y"," ",1722
"ARAI1","LAKE SUWA","L","1723-24",-999,-999,-999,-999,-999,-999,-999,36.15,138.08,"JAPAN","Y"," ",1723
"ARAI1","LAKE SUWA","L","1724-25",-999,-999,-999,-999,-999,-999,0,36.15,138.08,"JAPAN","N"," ",1724
"ARAI1","LAKE SUWA","L","1725-26",-999,-999,-999,-999,-999,-999,-999,36.15,138.08,"JAPAN","Y"," ",1725
"ARAI1","LAKE SUWA","L","1726-27",-999,-999,-999,-999,-999,-999,-999,36.15,138.08,"JAPAN","Y"," ",1726
"ARAI1","LAKE SUWA","L","1727-28",-999,-999,-999,-999,-999,-999,-999,36.15,138.08,"JAPAN","Y"," ",1727
"ARAI1","LAKE SUWA","L","1728-29",-999,-999,-999,-999,-999,-999,-999,36.15,138.08,"JAPAN","Y"," ",1728
"ARAI1","LAKE SUWA","L","1729-30",-999,-999,-999,-999,-999,-999,-999,36.15,138.08,"JAPAN","Y"," ",1729
"ARAI1","LAKE SUWA","L","1730-31",-999,-999,-999,-999,-999,-999,-999,36.15,138.08,"JAPAN","Y"," ",1730
"ARAI1","LAKE SUWA","L","1731-32",-999,-999,-999,-999,-999,-999,-999,36.15,138.08,"JAPAN","Y"," ",1731
"ARAI1","LAKE SUWA","L","1732-33",-999,-999,-999,-999,-999,-999,-999,36.15,138.08,"JAPAN","Y"," ",1732
"ARAI1","LAKE SUWA","L","1733-34",-999,-999,-999,-999,-999,-999,-999,36.15,138.08,"JAPAN","Y"," ",1733
"ARAI1","LAKE SUWA","L","1734-35",-999,-999,-999,-999,-999,-999,0,36.15,138.08,"JAPAN","N"," ",1734
"ARAI1","LAKE SUWA","L","1735-36",-999,-999,-999,-999,-999,-999,-999,36.15,138.08,"JAPAN","Y"," ",1735
"ARAI1","LAKE SUWA","L","1736-37",-999,-999,-999,-999,-999,-999,-999,36.15,138.08,"JAPAN","Y"," ",1736
"ARAI1","LAKE SUWA","L","1737-38",-999,-999,-999,-999,-999,-999,0,36.15,138.08,"JAPAN","N"," ",1737
"ARAI1","LAKE SUWA","L","1738-39",-999,-999,-999,-999,-999,-999,-999,36.15,138.08,"JAPAN","Y"," ",1738
"ARAI1","LAKE SUWA","L","1739-40",-999,-999,-999,-999,-999,-999,0,36.15,138.08,"JAPAN","N"," ",1739
"ARAI1","LAKE SUWA","L","1740-41",-999,-999,-999,-999,-999,-999,-999,36.15,138.08,"JAPAN","Y"," ",1740
"ARAI1","LAKE SUWA","L","1741-42",1741,12,17,-999,-999,-999,-999,36.15,138.08,"JAPAN","Y","calendar correction for ice_on: -30 days of original data; applied on 1 February 2012",1741
"ARAI1","LAKE SUWA","L","1742-43",-999,-999,-999,-999,-999,-999,-999,36.15,138.08,"JAPAN","Y"," ",1742
"ARAI1","LAKE SUWA","L","1743-44",-999,-999,-999,-999,-999,-999,-999,36.15,138.08,"JAPAN","Y"," ",1743
"ARAI1","LAKE SUWA","L","1744-45",-999,-999,-999,-999,-999,-999,-999,36.15,138.08,"JAPAN","Y"," ",1744
"ARAI1","LAKE SUWA","L","1745-46",-999,-999,-999,-999,-999,-999,-999,36.15,138.08,"JAPAN","Y"," ",1745
"ARAI1","LAKE SUWA","L","1746-47",1746,12,9,-999,-999,-999,-999,36.15,138.08,"JAPAN","Y","calendar correction for ice_on: -30 days of original data; applied on 1 February 2012",1746
"ARAI1","LAKE SUWA","L","1747-48",1747,12,28,-999,-999,-999,-999,36.15,138.08,"JAPAN","Y","calendar correction for ice_on: -30 days of original data; applied on 1 February 2012",1747
"ARAI1","LAKE SUWA","L","1748-49",1748,12,14,-999,-999,-999,-999,36.15,138.08,"JAPAN","Y","calendar correction for ice_on: -30 days of original data; applied on 1 February 2012",1748
"ARAI1","LAKE SUWA","L","1749-50",1749,12,24,-999,-999,-999,-999,36.15,138.08,"JAPAN","Y","calendar correction for ice_on: -30 days of original data; applied on 1 February 2012",1749
"ARAI1","LAKE SUWA","L","1750-51",1750,12,3,-999,-999,-999,-999,36.15,138.08,"JAPAN","Y","calendar correction for ice_on: -30 days of original data; applied on 1 February 2012",1750
"ARAI1","LAKE SUWA","L","1751-52",1751,11,29,-999,-999,-999,-999,36.15,138.08,"JAPAN","Y","calendar correction for ice_on: -30 days of original data; applied on 1 February 2012",1751
"ARAI1","LAKE SUWA","L","1752-53",1752,12,8,-999,-999,-999,-999,36.15,138.08,"JAPAN","Y","calendar correction for ice_on: -30 days of original data; applied on 1 February 2012",1752
"ARAI1","LAKE SUWA","L","1753-54",-999,-999,-999,-999,-999,-999,-999,36.15,138.08,"JAPAN","Y"," ",1753
"ARAI1","LAKE SUWA","L","1754-55",1755,1,2,-999,-999,-999,-999,36.15,138.08,"JAPAN","Y","calendar correction for ice_on: -30 days of original data; applied on 1 February 2012",1754
"ARAI1","LAKE SUWA","L","1755-56",1755,12,2,-999,-999,-999,-999,36.15,138.08,"JAPAN","Y","calendar correction for ice_on: -30 days of original data; applied on 1 February 2012",1755
"ARAI1","LAKE SUWA","L","1756-57",1756,12,6,-999,-999,-999,-999,36.15,138.08,"JAPAN","Y","calendar correction for ice_on: -30 days of original data; applied on 1 February 2012",1756
"ARAI1","LAKE SUWA","L","1757-58",-999,-999,-999,-999,-999,-999,-999,36.15,138.08,"JAPAN","Y"," ",1757
"ARAI1","LAKE SUWA","L","1758-59",1758,12,17,-999,-999,-999,-999,36.15,138.08,"JAPAN","Y","calendar correction for ice_on: -30 days of original data; applied on 1 February 2012",1758
"ARAI1","LAKE SUWA","L","1759-60",-999,-999,-999,-999,-999,-999,0,36.15,138.08,"JAPAN","N"," ",1759
"ARAI1","LAKE SUWA","L","1760-61",1760,12,1,-999,-999,-999,-999,36.15,138.08,"JAPAN","Y","calendar correction for ice_on: -30 days of original data; applied on 1 February 2012",1760
"ARAI1","LAKE SUWA","L","1761-62",1761,11,26,-999,-999,-999,-999,36.15,138.08,"JAPAN","Y","calendar correction for ice_on: -30 days of original data; applied on 1 February 2012",1761
"ARAI1","LAKE SUWA","L","1762-63",1762,12,13,-999,-999,-999,-999,36.15,138.08,"JAPAN","Y","calendar correction for ice_on: -30 days of original data; applied on 1 February 2012",1762
"ARAI1","LAKE SUWA","L","1763-64",-999,-999,-999,-999,-999,-999,-999,36.15,138.08,"JAPAN","Y"," ",1763
"ARAI1","LAKE SUWA","L","1764-65",-999,-999,-999,-999,-999,-999,-999,36.15,138.08,"JAPAN","Y"," ",1764
"ARAI1","LAKE SUWA","L","1765-66",-999,-999,-999,-999,-999,-999,-999,36.15,138.08,"JAPAN","Y"," ",1765
"ARAI1","LAKE SUWA","L","1766-67",-999,-999,-999,-999,-999,-999,-999,36.15,138.08,"JAPAN","Y"," ",1766
"ARAI1","LAKE SUWA","L","1767-68",-999,-999,-999,-999,-999,-999,-999,36.15,138.08,"JAPAN","Y"," ",1767
"ARAI1","LAKE SUWA","L","1768-69",1768,12,19,-999,-999,-999,-999,36.15,138.08,"JAPAN","Y","calendar correction for ice_on: -30 days of original data; applied on 1 February 2012",1768
"ARAI1","LAKE SUWA","L","1769-70",1769,12,10,-999,-999,-999,-999,36.15,138.08,"JAPAN","Y","calendar correction for ice_on: -30 days of original data; applied on 1 February 2012",1769
"ARAI1","LAKE SUWA","L","1770-71",-999,-999,-999,-999,-999,-999,0,36.15,138.08,"JAPAN","N"," ",1770
"ARAI1","LAKE SUWA","L","1771-72",-999,-999,-999,-999,-999,-999,-999,36.15,138.08,"JAPAN","Y"," ",1771
"ARAI1","LAKE SUWA","L","1772-73",-999,-999,-999,-999,-999,-999,-999,36.15,138.08,"JAPAN","Y"," ",1772
"ARAI1","LAKE SUWA","L","1773-74",-999,-999,-999,-999,-999,-999,-999,36.15,138.08,"JAPAN","Y"," ",1773
"ARAI1","LAKE SUWA","L","1774-75",1774,11,29,-999,-999,-999,-999,36.15,138.08,"JAPAN","Y","calendar correction for ice_on: -30 days of original data; applied on 1 February 2012",1774
"ARAI1","LAKE SUWA","L","1775-76",1775,12,29,-999,-999,-999,-999,36.15,138.08,"JAPAN","Y","calendar correction for ice_on: -30 days of original data; applied on 1 February 2012",1775
"ARAI1","LAKE SUWA","L","1776-77",-999,-999,-999,-999,-999,-999,-999,36.15,138.08,"JAPAN","Y"," ",1776
"ARAI1","LAKE SUWA","L","1777-78",-999,-999,-999,-999,-999,-999,-999,36.15,138.08,"JAPAN","Y"," ",1777
"ARAI1","LAKE SUWA","L","1778-79",-999,-999,-999,-999,-999,-999,-999,36.15,138.08,"JAPAN","Y"," ",1778
"ARAI1","LAKE SUWA","L","1779-80",-999,-999,-999,-999,-999,-999,-999,36.15,138.08,"JAPAN","Y"," ",1779
"ARAI1","LAKE SUWA","L","1780-81",-999,-999,-999,-999,-999,-999,-999,36.15,138.08,"JAPAN","Y"," ",1780
"ARAI1","LAKE SUWA","L","1781-82",-999,-999,-999,-999,-999,-999,-999,36.15,138.08,"JAPAN","Y"," ",1781
"ARAI1","LAKE SUWA","L","1782-83",-999,-999,-999,-999,-999,-999,-999,36.15,138.08,"JAPAN","Y"," ",1782
"ARAI1","LAKE SUWA","L","1783-84",-999,-999,-999,-999,-999,-999,-999,36.15,138.08,"JAPAN","Y"," ",1783
"ARAI1","LAKE SUWA","L","1784-85",-999,-999,-999,-999,-999,-999,-999,36.15,138.08,"JAPAN","Y"," ",1784
"ARAI1","LAKE SUWA","L","1785-86",-999,-999,-999,-999,-999,-999,-999,36.15,138.08,"JAPAN","Y"," ",1785
"ARAI1","LAKE SUWA","L","1786-87",-999,-999,-999,-999,-999,-999,-999,36.15,138.08,"JAPAN","Y"," ",1786
"ARAI1","LAKE SUWA","L","1787-88",-999,-999,-999,-999,-999,-999,-999,36.15,138.08,"JAPAN","Y"," ",1787
"ARAI1","LAKE SUWA","L","1788-89",1788,12,2,-999,-999,-999,-999,36.15,138.08,"JAPAN","Y","calendar correction for ice_on: -30 days of original data; applied on 1 February 2012",1788
"ARAI1","LAKE SUWA","L","1789-90",1789,12,11,-999,-999,-999,-999,36.15,138.08,"JAPAN","Y","calendar correction for ice_on: -30 days of original data; applied on 1 February 2012",1789
"ARAI1","LAKE SUWA","L","1790-91",1790,11,30,-999,-999,-999,-999,36.15,138.08,"JAPAN","Y","calendar correction for ice_on: -30 days of original data; applied on 1 February 2012",1790
"ARAI1","LAKE SUWA","L","1791-92",-999,-999,-999,-999,-999,-999,-999,36.15,138.08,"JAPAN","Y"," ",1791
"ARAI1","LAKE SUWA","L","1792-93",1792,11,28,-999,-999,-999,-999,36.15,138.08,"JAPAN","Y","calendar correction for ice_on: -30 days of original data; applied on 1 February 2012",1792
"ARAI1","LAKE SUWA","L","1793-94",-999,-999,-999,-999,-999,-999,0,36.15,138.08,"JAPAN","N"," ",1793
"ARAI1","LAKE SUWA","L","1794-95",1794,12,26,-999,-999,-999,-999,36.15,138.08,"JAPAN","Y","calendar correction for ice_on: -30 days of original data; applied on 1 February 2012",1794
"ARAI1","LAKE SUWA","L","1795-96",-999,-999,-999,-999,-999,-999,-999,36.15,138.08,"JAPAN","Y"," ",1795
"ARAI1","LAKE SUWA","L","1796-97",1796,12,3,-999,-999,-999,-999,36.15,138.08,"JAPAN","Y","calendar correction for ice_on: -30 days of original data; applied on 1 February 2012",1796
"ARAI1","LAKE SUWA","L","1797-98",1797,12,7,-999,-999,-999,-999,36.15,138.08,"JAPAN","Y","calendar correction for ice_on: -30 days of original data; applied on 1 February 2012",1797
"ARAI1","LAKE SUWA","L","1798-99",1798,12,11,-999,-999,-999,-999,36.15,138.08,"JAPAN","Y","calendar correction for ice_on: -30 days of original data; applied on 1 February 2012",1798
"ARAI1","LAKE SUWA","L","1799-00",-999,-999,-999,-999,-999,-999,0,36.15,138.08,"JAPAN","N"," ",1799
"ARAI1","LAKE SUWA","L","1800-01",1800,12,7,-999,-999,-999,-999,36.15,138.08,"JAPAN","Y","calendar correction for ice_on: -30 days of original data; applied on 1 February 2012",1800
"ARAI1","LAKE SUWA","L","1801-02",-999,-999,-999,-999,-999,-999,-999,36.15,138.08,"JAPAN","Y"," ",1801
"ARAI1","LAKE SUWA","L","1803-04",1803,12,18,-999,-999,-999,-999,36.15,138.08,"JAPAN","Y","calendar correction for ice_on: -30 days of original data; applied on 1 February 2012",1803
"ARAI1","LAKE SUWA","L","1804-05",-999,-999,-999,-999,-999,-999,0,36.15,138.08,"JAPAN","N"," ",1804
"ARAI1","LAKE SUWA","L","1805-06",1806,1,4,-999,-999,-999,-999,36.15,138.08,"JAPAN","Y","calendar correction for ice_on: -30 days of original data; applied on 1 February 2012",1805
"ARAI1","LAKE SUWA","L","1806-07",1806,12,6,-999,-999,-999,-999,36.15,138.08,"JAPAN","Y","calendar correction for ice_on: -30 days of original data; applied on 1 February 2012",1806
"ARAI1","LAKE SUWA","L","1807-08",1807,12,12,-999,-999,-999,-999,36.15,138.08,"JAPAN","Y","calendar correction for ice_on: -30 days of original data; applied on 1 February 2012",1807
"ARAI1","LAKE SUWA","L","1808-09",1808,12,8,-999,-999,-999,-999,36.15,138.08,"JAPAN","Y","calendar correction for ice_on: -30 days of original data; applied on 1 February 2012",1808
"ARAI1","LAKE SUWA","L","1809-10",1809,11,27,-999,-999,-999,-999,36.15,138.08,"JAPAN","Y","calendar correction for ice_on: -30 days of original data; applied on 1 February 2012",1809
"ARAI1","LAKE SUWA","L","1810-11",1810,12,5,-999,-999,-999,-999,36.15,138.08,"JAPAN","Y","calendar correction for ice_on: -30 days of original data; applied on 1 February 2012",1810
"ARAI1","LAKE SUWA","L","1811-12",1811,12,5,-999,-999,-999,-999,36.15,138.08,"JAPAN","Y","calendar correction for ice_on: -30 days of original data; applied on 1 February 2012",1811
"ARAI1","LAKE SUWA","L","1812-13",1812,11,26,-999,-999,-999,-999,36.15,138.08,"JAPAN","Y","calendar correction for ice_on: -30 days of original data; applied on 1 February 2012",1812
"ARAI1","LAKE SUWA","L","1813-14",1813,12,14,-999,-999,-999,-999,36.15,138.08,"JAPAN","Y","calendar correction for ice_on: -30 days of original data; applied on 1 February 2012",1813
"ARAI1","LAKE SUWA","L","1814-15",-999,-999,-999,-999,-999,-999,-999,36.15,138.08,"JAPAN","Y"," ",1814
"ARAI1","LAKE SUWA","L","1815-16",1815,12,1,-999,-999,-999,-999,36.15,138.08,"JAPAN","Y","calendar correction for ice_on: -30 days of original data; applied on 1 February 2012",1815
"ARAI1","LAKE SUWA","L","1816-17",1816,12,22,-999,-999,-999,-999,36.15,138.08,"JAPAN","Y","calendar correction for ice_on: -30 days of original data; applied on 1 February 2012",1816
"ARAI1","LAKE SUWA","L","1817-18",1817,12,16,-999,-999,-999,-999,36.15,138.08,"JAPAN","Y","calendar correction for ice_on: -30 days of original data; applied on 1 February 2012",1817
"ARAI1","LAKE SUWA","L","1818-19",-999,-999,-999,-999,-999,-999,-999,36.15,138.08,"JAPAN","Y"," ",1818
"ARAI1","LAKE SUWA","L","1819-20",1819,12,17,-999,-999,-999,-999,36.15,138.08,"JAPAN","Y","calendar correction for ice_on: -30 days of original data; applied on 1 February 2012",1819
"ARAI1","LAKE SUWA","L","1820-21",1820,12,7,-999,-999,-999,-999,36.15,138.08,"JAPAN","Y","calendar correction for ice_on: -30 days of original data; applied on 1 February 2012",1820
"ARAI1","LAKE SUWA","L","1821-22",1821,12,11,-999,-999,-999,-999,36.15,138.08,"JAPAN","Y","calendar correction for ice_on: -30 days of original data; applied on 1 February 2012",1821
"ARAI1","LAKE SUWA","L","1822-23",1822,12,23,-999,-999,-999,-999,36.15,138.08,"JAPAN","Y","calendar correction for ice_on: -30 days of original data; applied on 1 February 2012",1822
"ARAI1","LAKE SUWA","L","1823-24",-999,-999,-999,-999,-999,-999,-999,36.15,138.08,"JAPAN","Y"," ",1823
"ARAI1","LAKE SUWA","L","1825-26",-999,-999,-999,-999,-999,-999,-999,36.15,138.08,"JAPAN","Y"," ",1825
"ARAI1","LAKE SUWA","L","1826-27",-999,-999,-999,-999,-999,-999,-999,36.15,138.08,"JAPAN","Y"," ",1826
"ARAI1","LAKE SUWA","L","1827-28",-999,-999,-999,-999,-999,-999,-999,36.15,138.08,"JAPAN","Y"," ",1827
"ARAI1","LAKE SUWA","L","1828-29",1828,12,9,-999,-999,-999,-999,36.15,138.08,"JAPAN","Y","calendar correction for ice_on: -30 days of original data; applied on 1 February 2012",1828
"ARAI1","LAKE SUWA","L","1829-30",1829,12,17,-999,-999,-999,-999,36.15,138.08,"JAPAN","Y","calendar correction for ice_on: -30 days of original data; applied on 1 February 2012",1829
"ARAI1","LAKE SUWA","L","1830-31",1830,12,14,-999,-999,-999,-999,36.15,138.08,"JAPAN","Y","calendar correction for ice_on: -30 days of original data; applied on 1 February 2012",1830
"ARAI1","LAKE SUWA","L","1831-32",1831,12,10,-999,-999,-999,-999,36.15,138.08,"JAPAN","Y","calendar correction for ice_on: -30 days of original data; applied on 1 February 2012",1831
"ARAI1","LAKE SUWA","L","1832-33",-999,-999,-999,-999,-999,-999,-999,36.15,138.08,"JAPAN","Y"," ",1832
"ARAI1","LAKE SUWA","L","1833-34",1834,1,8,-999,-999,-999,-999,36.15,138.08,"JAPAN","Y","calendar correction for ice_on: -30 days of original data; applied on 1 February 2012",1833
"ARAI1","LAKE SUWA","L","1834-35",1834,12,14,-999,-999,-999,-999,36.15,138.08,"JAPAN","Y","calendar correction for ice_on: -30 days of original data; applied on 1 February 2012",1834
"ARAI1","LAKE SUWA","L","1835-36",1835,12,6,-999,-999,-999,-999,36.15,138.08,"JAPAN","Y","calendar correction for ice_on: -30 days of original data; applied on 1 February 2012",1835
"ARAI1","LAKE SUWA","L","1836-37",1836,12,12,-999,-999,-999,-999,36.15,138.08,"JAPAN","Y","calendar correction for ice_on: -30 days of original data; applied on 1 February 2012",1836
"ARAI1","LAKE SUWA","L","1837-38",1838,1,7,-999,-999,-999,-999,36.15,138.08,"JAPAN","Y","calendar correction for ice_on: -30 days of original data; applied on 1 February 2012",1837
"ARAI1","LAKE SUWA","L","1838-39",1838,12,29,-999,-999,-999,-999,36.15,138.08,"JAPAN","Y","calendar correction for ice_on: -30 days of original data; applied on 1 February 2012",1838
"ARAI1","LAKE SUWA","L","1839-40",1839,12,14,-999,-999,-999,-999,36.15,138.08,"JAPAN","Y","calendar correction for ice_on: -30 days of original data; applied on 1 February 2012",1839
"ARAI1","LAKE SUWA","L","1840-41",1840,12,25,-999,-999,-999,-999,36.15,138.08,"JAPAN","Y","calendar correction for ice_on: -30 days of original data; applied on 1 February 2012",1840
"ARAI1","LAKE SUWA","L","1841-42",1841,12,8,-999,-999,-999,-999,36.15,138.08,"JAPAN","Y","calendar correction for ice_on: -30 days of original data; applied on 1 February 2012",1841
"ARAI1","LAKE SUWA","L","1842-43",-999,-999,-999,-999,-999,-999,0,36.15,138.08,"JAPAN","N"," ",1842
"ARAI1","LAKE SUWA","L","1843-44",1843,12,18,-999,-999,-999,-999,36.15,138.08,"JAPAN","Y","calendar correction for ice_on: -30 days of original data; applied on 1 February 2012",1843
"ARAI1","LAKE SUWA","L","1844-45",-999,-999,-999,-999,-999,-999,0,36.15,138.08,"JAPAN","N"," ",1844
"ARAI1","LAKE SUWA","L","1845-46",1845,11,28,-999,-999,-999,-999,36.15,138.08,"JAPAN","Y","calendar correction for ice_on: -30 days of original data; applied on 1 February 2012",1845
"ARAI1","LAKE SUWA","L","1846-47",1846,12,11,-999,-999,-999,-999,36.15,138.08,"JAPAN","Y","calendar correction for ice_on: -30 days of original data; applied on 1 February 2012",1846
"ARAI1","LAKE SUWA","L","1847-48",-999,-999,-999,-999,-999,-999,-999,36.15,138.08,"JAPAN","Y"," ",1847
"ARAI1","LAKE SUWA","L","1848-49",-999,-999,-999,-999,-999,-999,-999,36.15,138.08,"JAPAN","Y"," ",1848
"ARAI1","LAKE SUWA","L","1849-50",-999,-999,-999,-999,-999,-999,-999,36.15,138.08,"JAPAN","Y"," ",1849
"ARAI1","LAKE SUWA","L","1850-51",1851,1,6,-999,-999,-999,-999,36.15,138.08,"JAPAN","Y","calendar correction for ice_on: -30 days of original data; applied on 1 February 2012",1850
"ARAI1","LAKE SUWA","L","1851-52",-999,-999,-999,-999,-999,-999,-999,36.15,138.08,"JAPAN","Y"," ",1851
"ARAI1","LAKE SUWA","L","1852-53",1853,1,3,-999,-999,-999,-999,36.15,138.08,"JAPAN","Y","calendar correction for ice_on: -30 days of original data; applied on 1 February 2012",1852
"ARAI1","LAKE SUWA","L","1853-54",-999,-999,-999,-999,-999,-999,0,36.15,138.08,"JAPAN","N"," ",1853
"ARAI1","LAKE SUWA","L","1854-55",1855,1,7,-999,-999,-999,-999,36.15,138.08,"JAPAN","Y","calendar correction for ice_on: -30 days of original data; applied on 1 February 2012",1854
"ARAI1","LAKE SUWA","L","1855-56",1855,12,13,-999,-999,-999,-999,36.15,138.08,"JAPAN","Y","calendar correction for ice_on: -30 days of original data; applied on 1 February 2012",1855
"ARAI1","LAKE SUWA","L","1856-57",-999,-999,-999,-999,-999,-999,-999,36.15,138.08,"JAPAN","Y"," ",1856
"ARAI1","LAKE SUWA","L","1857-58",1858,1,9,-999,-999,-999,-999,36.15,138.08,"JAPAN","Y","calendar correction for ice_on: -30 days of original data; applied on 1 February 2012",1857
"ARAI1","LAKE SUWA","L","1858-59",1858,12,24,-999,-999,-999,-999,36.15,138.08,"JAPAN","Y","calendar correction for ice_on: -30 days of original data; applied on 1 February 2012",1858
"ARAI1","LAKE SUWA","L","1859-60",-999,-999,-999,-999,-999,-999,-999,36.15,138.08,"JAPAN","Y"," ",1859
"ARAI1","LAKE SUWA","L","1860-61",1860,12,31,-999,-999,-999,-999,36.15,138.08,"JAPAN","Y","calendar correction for ice_on: -30 days of original data; applied on 1 February 2012",1860
"ARAI1","LAKE SUWA","L","1861-62",-999,-999,-999,-999,-999,-999,-999,36.15,138.08,"JAPAN","Y"," ",1861
"ARAI1","LAKE SUWA","L","1862-63",1862,12,22,-999,-999,-999,-999,36.15,138.08,"JAPAN","Y","calendar correction for ice_on: -30 days of original data; applied on 1 February 2012",1862
"ARAI1","LAKE SUWA","L","1863-64",1863,12,18,-999,-999,-999,-999,36.15,138.08,"JAPAN","Y","calendar correction for ice_on: -30 days of original data; applied on 1 February 2012",1863
"ARAI1","LAKE SUWA","L","1865-66",-999,-999,-999,-999,-999,-999,0,36.15,138.08,"JAPAN","N"," ",1865
"ARAI1","LAKE SUWA","L","1866-67",-999,-999,-999,-999,-999,-999,0,36.15,138.08,"JAPAN","N"," ",1866
"ARAI1","LAKE SUWA","L","1867-68",-999,-999,-999,-999,-999,-999,0,36.15,138.08,"JAPAN","N"," ",1867
"ARAI1","LAKE SUWA","L","1868-69",-999,-999,-999,-999,-999,-999,0,36.15,138.08,"JAPAN","N"," ",1868
"ARAI1","LAKE SUWA","L","1869-70",1869,12,22,-999,-999,-999,-999,36.15,138.08,"JAPAN","Y","calendar correction for ice_on: -30 days of original data; applied on 1 February 2012",1869
"ARAI1","LAKE SUWA","L","1870-71",1870,12,24,-999,-999,-999,-999,36.15,138.08,"JAPAN","Y","calendar correction for ice_on: -30 days of original data; applied on 1 February 2012",1870
"ARAI1","LAKE SUWA","L","1871-72",1871,12,19,-999,-999,-999,-999,36.15,138.08,"JAPAN","Y","calendar correction for ice_on: -30 days of original data; applied on 1 February 2012",1871
"ARAI1","LAKE SUWA","L","1872-73",-999,-999,-999,-999,-999,-999,-999,36.15,138.08,"JAPAN","Y"," ",1872
"ARAI1","LAKE SUWA","L","1873-74",-999,-999,-999,-999,-999,-999,-999,36.15,138.08,"JAPAN","Y"," ",1873
"ARAI1","LAKE SUWA","L","1874-75",-999,-999,-999,-999,-999,-999,-999,36.15,138.08,"JAPAN","Y"," ",1874
"ARAI1","LAKE SUWA","L","1875-76",-999,-999,-999,-999,-999,-999,-999,36.15,138.08,"JAPAN","Y"," ",1875
"ARAI1","LAKE SUWA","L","1876-77",-999,-999,-999,-999,-999,-999,-999,36.15,138.08,"JAPAN","Y"," ",1876
"ARAI1","LAKE SUWA","L","1877-78",-999,-999,-999,-999,-999,-999,-999,36.15,138.08,"JAPAN","Y"," ",1877
"ARAI1","LAKE SUWA","L","1878-79",-999,-999,-999,-999,-999,-999,-999,36.15,138.08,"JAPAN","Y"," ",1878
"ARAI1","LAKE SUWA","L","1879-80",-999,-999,-999,-999,-999,-999,0,36.15,138.08,"JAPAN","N"," ",1879
"ARAI1","LAKE SUWA","L","1880-81",-999,-999,-999,-999,-999,-999,-999,36.15,138.08,"JAPAN","Y"," ",1880
"ARAI1","LAKE SUWA","L","1881-82",-999,-999,-999,-999,-999,-999,-999,36.15,138.08,"JAPAN","Y"," ",1881
"ARAI1","LAKE SUWA","L","1882-83",-999,-999,-999,-999,-999,-999,-999,36.15,138.08,"JAPAN","Y"," ",1882
"ARAI1","LAKE SUWA","L","1883-84",-999,-999,-999,-999,-999,-999,-999,36.15,138.08,"JAPAN","Y"," ",1883
"ARAI1","LAKE SUWA","L","1884-85",-999,-999,-999,-999,-999,-999,-999,36.15,138.08,"JAPAN","Y"," ",1884
"ARAI1","LAKE SUWA","L","1885-86",-999,-999,-999,-999,-999,-999,-999,36.15,138.08,"JAPAN","Y"," ",1885
"ARAI1","LAKE SUWA","L","1886-87",-999,-999,-999,-999,-999,-999,-999,36.15,138.08,"JAPAN","Y"," ",1886
"ARAI1","LAKE SUWA","L","1887-88",-999,-999,-999,-999,-999,-999,-999,36.15,138.08,"JAPAN","Y"," ",1887
"ARAI1","LAKE SUWA","L","1888-89",-999,-999,-999,-999,-999,-999,-999,36.15,138.08,"JAPAN","Y"," ",1888
"ARAI1","LAKE SUWA","L","1889-90",-999,-999,-999,-999,-999,-999,0,36.15,138.08,"JAPAN","N"," ",1889
"ARAI1","LAKE SUWA","L","1890-91",-999,-999,-999,-999,-999,-999,-999,36.15,138.08,"JAPAN","Y"," ",1890
"ARAI1","LAKE SUWA","L","1891-92",-999,-999,-999,-999,-999,-999,-999,36.15,138.08,"JAPAN","Y"," ",1891
"ARAI1","LAKE SUWA","L","1892-93",-999,-999,-999,-999,-999,-999,-999,36.15,138.08,"JAPAN","Y"," ",1892
"ARAI1","LAKE SUWA","L","1893-94",-999,-999,-999,-999,-999,-999,-999,36.15,138.08,"JAPAN","Y"," ",1893
"ARAI1","LAKE SUWA","L","1894-95",-999,-999,-999,-999,-999,-999,-999,36.15,138.08,"JAPAN","Y"," ",1894
"ARAI1","LAKE SUWA","L","1895-96",-999,-999,-999,-999,-999,-999,-999,36.15,138.08,"JAPAN","Y"," ",1895
"ARAI1","LAKE SUWA","L","1896-97",-999,-999,-999,-999,-999,-999,-999,36.15,138.08,"JAPAN","Y"," ",1896
"ARAI1","LAKE SUWA","L","1897-98",1897,12,26,-999,-999,-999,-999,36.15,138.08,"JAPAN","Y"," ",1897
"ARAI1","LAKE SUWA","L","1898-99",1899,1,18,-999,-999,-999,-999,36.15,138.08,"JAPAN","Y"," ",1898
"ARAI1","LAKE SUWA","L","1899-00",1900,1,9,-999,-999,-999,-999,36.15,138.08,"JAPAN","Y"," ",1899
"ARAI1","LAKE SUWA","L","1900-01",1901,1,19,-999,-999,-999,-999,36.15,138.08,"JAPAN","Y"," ",1900
"ARAI1","LAKE SUWA","L","1901-02",1901,12,31,-999,-999,-999,-999,36.15,138.08,"JAPAN","Y"," ",1901
"ARAI1","LAKE SUWA","L","1902-03",1903,1,15,-999,-999,-999,-999,36.15,138.08,"JAPAN","Y"," ",1902
"ARAI1","LAKE SUWA","L","1903-04",1903,12,22,-999,-999,-999,-999,36.15,138.08,"JAPAN","Y"," ",1903
"ARAI1","LAKE SUWA","L","1904-05",1904,12,25,-999,-999,-999,-999,36.15,138.08,"JAPAN","Y"," ",1904
"ARAI1","LAKE SUWA","L","1905-06",1906,1,16,-999,-999,-999,-999,36.15,138.08,"JAPAN","Y"," ",1905
"ARAI1","LAKE SUWA","L","1906-07",1906,12,30,-999,-999,-999,-999,36.15,138.08,"JAPAN","Y"," ",1906
"ARAI1","LAKE SUWA","L","1907-08",1907,12,24,-999,-999,-999,-999,36.15,138.08,"JAPAN","Y"," ",1907
"ARAI1","LAKE SUWA","L","1908-09",1909,1,2,-999,-999,-999,-999,36.15,138.08,"JAPAN","Y"," ",1908
"ARAI1","LAKE SUWA","L","1909-10",1909,12,27,-999,-999,-999,-999,36.15,138.08,"JAPAN","Y"," ",1909
"ARAI1","LAKE SUWA","L","1910-11",1911,1,3,-999,-999,-999,-999,36.15,138.08,"JAPAN","Y"," ",1910
"ARAI1","LAKE SUWA","L","1911-12",1912,1,4,-999,-999,-999,-999,36.15,138.08,"JAPAN","Y"," ",1911
"ARAI1","LAKE SUWA","L","1912-13",1913,1,2,-999,-999,-999,-999,36.15,138.08,"JAPAN","Y"," ",1912
"ARAI1","LAKE SUWA","L","1913-14",1914,1,8,-999,-999,-999,-999,36.15,138.08,"JAPAN","Y"," ",1913
"ARAI1","LAKE SUWA","L","1914-15",1915,1,10,-999,-999,-999,-999,36.15,138.08,"JAPAN","Y"," ",1914
"ARAI1","LAKE SUWA","L","1915-16",-999,-999,-999,-999,-999,-999,0,36.15,138.08,"JAPAN","N"," ",1915
"ARAI1","LAKE SUWA","L","1916-17",-999,-999,-999,-999,-999,-999,-999,36.15,138.08,"JAPAN","Y"," ",1916
"ARAI1","LAKE SUWA","L","1917-18",1917,12,23,-999,-999,-999,-999,36.15,138.08,"JAPAN","Y"," ",1917
"ARAI1","LAKE SUWA","L","1918-19",1919,1,6,-999,-999,-999,-999,36.15,138.08,"JAPAN","Y"," ",1918
"ARAI1","LAKE SUWA","L","1919-20",1920,1,26,-999,-999,-999,-999,36.15,138.08,"JAPAN","Y"," ",1919
"ARAI1","LAKE SUWA","L","1920-21",1921,1,8,-999,-999,-999,-999,36.15,138.08,"JAPAN","Y"," ",1920
"ARAI1","LAKE SUWA","L","1921-22",1922,1,5,-999,-999,-999,-999,36.15,138.08,"JAPAN","Y"," ",1921
"ARAI1","LAKE SUWA","L","1922-23",1922,12,20,-999,-999,-999,-999,36.15,138.08,"JAPAN","Y"," ",1922
"ARAI1","LAKE SUWA","L","1923-24",1924,1,24,-999,-999,-999,-999,36.15,138.08,"JAPAN","Y"," ",1923
"ARAI1","LAKE SUWA","L","1924-25",1925,1,15,-999,-999,-999,-999,36.15,138.08,"JAPAN","Y"," ",1924
"ARAI1","LAKE SUWA","L","1925-26",1926,1,3,-999,-999,-999,-999,36.15,138.08,"JAPAN","Y"," ",1925
"ARAI1","LAKE SUWA","L","1926-27",1926,12,26,-999,-999,-999,-999,36.15,138.08,"JAPAN","Y"," ",1926
"ARAI1","LAKE SUWA","L","1927-28",1928,1,4,-999,-999,-999,-999,36.15,138.08,"JAPAN","Y"," ",1927
"ARAI1","LAKE SUWA","L","1928-29",1928,12,31,-999,-999,-999,-999,36.15,138.08,"JAPAN","Y"," ",1928
"ARAI1","LAKE SUWA","L","1929-30",1930,1,9,-999,-999,-999,-999,36.15,138.08,"JAPAN","Y"," ",1929
"ARAI1","LAKE SUWA","L","1930-31",1931,1,11,-999,-999,-999,-999,36.15,138.08,"JAPAN","Y"," ",1930
"ARAI1","LAKE SUWA","L","1931-32",-999,-999,-999,-999,-999,-999,0,36.15,138.08,"JAPAN","N"," ",1931
"ARAI1","LAKE SUWA","L","1932-33",1933,1,14,-999,-999,-999,-999,36.15,138.08,"JAPAN","Y"," ",1932
"ARAI1","LAKE SUWA","L","1933-34",1934,1,6,-999,-999,-999,-999,36.15,138.08,"JAPAN","Y"," ",1933
"ARAI1","LAKE SUWA","L","1934-35",1935,2,7,-999,-999,-999,-999,36.15,138.08,"JAPAN","Y"," ",1934
"ARAI1","LAKE SUWA","L","1935-36",1935,12,21,-999,-999,-999,-999,36.15,138.08,"JAPAN","Y"," ",1935
"ARAI1","LAKE SUWA","L","1936-37",1937,1,13,-999,-999,-999,-999,36.15,138.08,"JAPAN","Y"," ",1936
"ARAI1","LAKE SUWA","L","1937-38",1938,1,4,-999,-999,-999,-999,36.15,138.08,"JAPAN","Y"," ",1937
"ARAI1","LAKE SUWA","L","1938-39",1939,1,4,-999,-999,-999,-999,36.15,138.08,"JAPAN","Y"," ",1938
"ARAI1","LAKE SUWA","L","1939-40",1940,1,17,-999,-999,-999,-999,36.15,138.08,"JAPAN","Y"," ",1939
"ARAI1","LAKE SUWA","L","1940-41",1941,2,2,-999,-999,-999,-999,36.15,138.08,"JAPAN","Y"," ",1940
"ARAI1","LAKE SUWA","L","1941-42",1942,1,20,-999,-999,-999,-999,36.15,138.08,"JAPAN","Y"," ",1941
"ARAI1","LAKE SUWA","L","1942-43",1943,1,6,-999,-999,-999,-999,36.15,138.08,"JAPAN","Y"," ",1942
"ARAI1","LAKE SUWA","L","1943-44",1944,1,9,-999,-999,-999,-999,36.15,138.08,"JAPAN","Y"," ",1943
"ARAI1","LAKE SUWA","L","1944-45",1945,1,3,1945,3,28,80,36.15,138.08,"JAPAN","Y"," ",1944
"ARAI1","LAKE SUWA","L","1945-46",1945,12,27,1946,3,6,76,36.15,138.08,"JAPAN","Y"," ",1945
"ARAI1","LAKE SUWA","L","1946-47",1947,1,4,1947,3,12,68,36.15,138.08,"JAPAN","Y"," ",1946
"ARAI1","LAKE SUWA","L","1947-48",1947,12,20,1948,2,27,70,36.15,138.08,"JAPAN","Y"," ",1947
"ARAI1","LAKE SUWA","L","1948-49",-999,-999,-999,-999,-999,-999,0,36.15,138.08,"JAPAN","N"," ",1948
"ARAI1","LAKE SUWA","L","1949-50",1950,1,12,1950,1,31,33,36.15,138.08,"JAPAN","Y"," ",1949
"ARAI1","LAKE SUWA","L","1950-51",1950,12,29,1951,2,25,59,36.15,138.08,"JAPAN","Y"," ",1950
"ARAI1","LAKE SUWA","L","1951-52",1952,1,13,1952,3,27,75,36.15,138.08,"JAPAN","Y"," ",1951
"WSTA1","LAKE SUWA (WEATHER STATION)","L","1952-53",1953,1,5,-999,-999,-999,-999,36.15,138.08,"JAPAN","Y","this is the preferred date (J. Magnuson 1 Feb 2012)",1952
"ARAI1","LAKE SUWA","L","1953-54",1954,1,25,1954,2,27,34,36.15,138.08,"JAPAN","Y"," ",1953
"ARAI1","LAKE SUWA","L","1954-55",1955,1,4,1955,3,3,59,36.15,138.08,"JAPAN","Y"," ",1954
"ARAI1","LAKE SUWA","L","1955-56",1956,1,13,1956,2,26,45,36.15,138.08,"JAPAN","Y"," ",1955
"ARAI1","LAKE SUWA","L","1956-57",1956,12,25,1957,2,23,61,36.15,138.08,"JAPAN","Y"," ",1956
"ARAI1","LAKE SUWA","L","1957-58",1958,1,25,1958,1,30,6,36.15,138.08,"JAPAN","Y"," ",1957
"ARAI1","LAKE SUWA","L","1958-59",1959,1,15,1959,2,10,27,36.15,138.08,"JAPAN","Y"," ",1958
"ARAI1","LAKE SUWA","L","1959-60",1960,1,25,1960,2,10,17,36.15,138.08,"JAPAN","Y"," ",1959
"ARAI1","LAKE SUWA","L","1960-61",1961,1,13,1961,2,27,46,36.15,138.08,"JAPAN","Y"," ",1960
"ARAI1","LAKE SUWA","L","1961-62",-999,-999,-999,-999,-999,-999,0,36.15,138.08,"JAPAN","N"," ",1961
"ARAI1","LAKE SUWA","L","1962-63",1963,1,13,1963,3,20,67,36.15,138.08,"JAPAN","Y"," ",1962
"ARAI1","LAKE SUWA","L","1963-64",1964,2,6,1964,2,23,18,36.15,138.08,"JAPAN","Y"," ",1963
"ARAI1","LAKE SUWA","L","1964-65",1965,1,15,1965,2,14,31,36.15,138.08,"JAPAN","Y"," ",1964
"ARAI1","LAKE SUWA","L","1965-66",1966,1,3,1966,2,18,47,36.15,138.08,"JAPAN","Y"," ",1965
"ARAI1","LAKE SUWA","L","1966-67",1966,12,28,1967,3,8,71,36.15,138.08,"JAPAN","Y"," ",1966
"ARAI1","LAKE SUWA","L","1967-68",1967,12,25,1968,3,8,75,36.15,138.08,"JAPAN","Y"," ",1967
"ARAI1","LAKE SUWA","L","1968-69",1969,1,9,1969,1,27,10,36.15,138.08,"JAPAN","Y"," ",1968
"ARAI1","LAKE SUWA","L","1969-70",1969,12,21,1970,2,21,83,36.15,138.08,"JAPAN","Y"," ",1969
"ARAI1","LAKE SUWA","L","1970-71",1971,1,6,1971,2,17,48,36.15,138.08,"JAPAN","Y"," ",1970
"ARAI1","LAKE SUWA","L","1971-72",-999,-999,-999,-999,-999,-999,0,36.15,138.08,"JAPAN","N"," ",1971
"ARAI1","LAKE SUWA","L","1972-73",1973,1,16,1973,1,24,9,36.15,138.08,"JAPAN","Y"," ",1972
"ARAI1","LAKE SUWA","L","1973-74",1973,12,25,1974,3,7,73,36.15,138.08,"JAPAN","Y"," ",1973
"ARAI1","LAKE SUWA","L","1974-75",1975,1,14,1975,3,12,68,36.15,138.08,"JAPAN","Y"," ",1974
"ARAI1","LAKE SUWA","L","1975-76",1976,1,13,1976,2,18,37,36.15,138.08,"JAPAN","Y"," ",1975
"WSTA1","LAKE SUWA (WEATHER STATION)","L","1976-77",1976,12,30,-999,-999,-999,-999,36.15,138.08,"JAPAN","Y","this is the preferred date (J. Magnuson 1 Feb 2012)",1976
"ARAI1","LAKE SUWA","L","1977-78",1978,1,23,1978,3,5,42,36.15,138.08,"JAPAN","Y"," ",1977
"ARAI1","LAKE SUWA","L","1978-79",-999,-999,-999,-999,-999,-999,0,36.15,138.08,"JAPAN","N"," ",1978
"ARAI1","LAKE SUWA","L","1979-80",1980,1,19,1980,2,27,40,36.15,138.08,"JAPAN","Y"," ",1979
"ARAI1","LAKE SUWA","L","1980-81",1980,12,31,1981,3,20,82,36.15,138.08,"JAPAN","Y"," ",1980
"ARAI1","LAKE SUWA","L","1981-82",1982,1,18,1982,3,2,44,36.15,138.08,"JAPAN","Y"," ",1981
"ARAI1","LAKE SUWA","L","1982-83",1983,1,24,1983,3,3,39,36.15,138.08,"JAPAN","Y"," ",1982
"ARAI1","LAKE SUWA","L","1983-84",1984,1,6,1984,4,8,94,36.15,138.08,"JAPAN","Y"," ",1983
"ARAI1","LAKE SUWA","L","1984-85",1985,1,6,1985,3,3,57,36.15,138.08,"JAPAN","Y"," ",1984
"ARAI1","LAKE SUWA","L","1985-86",1986,1,7,-999,-999,-999,-999,36.15,138.08,"JAPAN","Y"," ",1985
"ARAI1","LAKE SUWA","L","1986-87",-999,-999,-999,-999,-999,-999,0,36.15,138.08,"JAPAN","N"," ",1986
"ARAI1","LAKE SUWA","L","1987-88",1988,2,11,-999,-999,-999,-999,36.15,138.08,"JAPAN","Y"," ",1987
"ARAI1","LAKE SUWA","L","1988-89",-999,-999,-999,-999,-999,-999,0,36.15,138.08,"JAPAN","N"," ",1988
"ARAI1","LAKE SUWA","L","1989-90",1990,1,26,-999,-999,-999,-999,36.15,138.08,"JAPAN","Y"," ",1989
"ARAI1","LAKE SUWA","L","1990-91",1991,1,24,-999,-999,-999,-999,36.15,138.08,"JAPAN","Y"," ",1990
"ARAI1","LAKE SUWA","L","1991-92",-999,-999,-999,-999,-999,-999,0,36.15,138.08,"JAPAN","N"," ",1991
"ARAI1","LAKE SUWA","L","1992-93",-999,-999,-999,-999,-999,-999,0,36.15,138.08,"JAPAN","N"," ",1992
"ARAI1","LAKE SUWA","L","1993-94",-999,-999,-999,-999,-999,-999,0,36.15,138.08,"JAPAN","N"," ",1993
"YATSU1","LAKE SUWA (YATSURUGI)","L","1994-95",-999,-999,-999,-999,-999,-999,0,36.15,138.08,"JAPAN","N"," ",1994
"YATSU1","LAKE SUWA (YATSURUGI)","L","1995-96",1996,1,12,-999,-999,-999,-999,36.15,138.08,"JAPAN","Y"," ",1995
"YATSU1","LAKE SUWA (YATSURUGI)","L","1996-97",1997,1,23,-999,-999,-999,-999,36.15,138.08,"JAPAN","Y"," ",1996
"YATSU1","LAKE SUWA (YATSURUGI)","L","1997-98",1998,1,11,-999,-999,-999,-999,36.15,138.08,"JAPAN","Y"," ",1997
"YATSU1","LAKE SUWA (YATSURUGI)","L","1998-99",1999,1,12,-999,-999,-999,-999,36.15,138.08,"JAPAN","Y"," ",1998
"YATSU1","LAKE SUWA (YATSURUGI)","L","1999-00",-999,-999,-999,-999,-999,-999,0,36.15,138.08,"JAPAN","N"," ",1999
"YATSU1","LAKE SUWA (YATSURUGI)","L","2000-01",2001,1,16,-999,-999,-999,-999,36.15,138.08,"JAPAN","Y"," ",2000
"YATSU1","LAKE SUWA (YATSURUGI)","L","2001-02",-999,-999,-999,-999,-999,-999,0,36.15,138.08,"JAPAN","N"," ",2001
"YATSU1","LAKE SUWA (YATSURUGI)","L","2002-03",2003,1,6,-999,-999,-999,-999,36.15,138.08,"JAPAN","Y"," ",2002
"YATSU1","LAKE SUWA (YATSURUGI)","L","2003-04",2004,1,15,-999,-999,-999,-999,36.15,138.08,"JAPAN","Y"," ",2003
"YATSU1","LAKE SUWA (YATSURUGI)","L","2004-05",-999,-999,-999,-999,-999,-999,0,36.15,138.08,"JAPAN","N"," ",2004
